ID,First Name,last_name,company_name,address,city,county,state,zip,Monthly Spend,Cost to Acquire,phone1,phone2,web
1,James,Butt,"Benton, John B Jr",6649 N Blue Gum St,New Orleans,Orleans,LA,70116,$278 ,$10 ,504-621-8927,504-845-1427,http://www.bentonjohnbjr.com
2,Josephine,Darakjy,"Chanay, Jeffrey A Esq",4 B Blue Ridge Blvd,Brighton,Livingston,MI,48116,$158 ,$11 ,810-292-9388,810-374-9840,http://www.chanayjeffreyaesq.com
3,Art,Venere,"Chemel, James L Cpa",8 W Cerritos Ave #54,Bridgeport,Gloucester,NJ,8014,$35 ,$5 ,856-636-8749,856-264-4130,http://www.chemeljameslcpa.com
4,Lenna,Paprocki,Feltz Printing Service,639 Main St,Anchorage,Anchorage,AK,99501,$350 ,$12 ,907-385-4412,907-921-2010,http://www.feltzprintingservice.com
5,Donette,Foller,Printing Dimensions,34 Center St,Hamilton,Butler,OH,45011,$347 ,$24 ,513-570-1893,513-549-4561,http://www.printingdimensions.com
6,Simona,Morasca,"Chapman, Ross E Esq",3 Mcauley Dr,Ashland,Ashland,OH,44805,$302 ,$11 ,419-503-2484,419-800-6759,http://www.chapmanrosseesq.com
7,Mitsue,Tollner,Morlong Associates,7 Eads St,Chicago,Cook,IL,60632,$182 ,$17 ,773-573-6914,773-924-8565,http://www.morlongassociates.com
8,Leota,Dilliard,Commercial Press,7 W Jackson Blvd,San Jose,Santa Clara,CA,95111,$171 ,$14 ,408-752-3500,408-813-1105,http://www.commercialpress.com
9,Sage,Wieser,Truhlar And Truhlar Attys,5 Boston Ave #88,Sioux Falls,Minnehaha,SD,57105,$256 ,$8 ,605-414-2147,605-794-4895,http://www.truhlarandtruhlarattys.com
10,Kris,Marrier,"King, Christopher A Esq",228 Runamuck Pl #2808,Baltimore,Baltimore City,MD,21224,$348 ,$15 ,410-655-8723,410-804-4694,http://www.kingchristopheraesq.com
11,Minna,Amigon,"Dorl, James J Esq",2371 Jerrold Ave,Kulpsville,Montgomery,PA,19443,$215 ,$22 ,215-874-1229,215-422-8694,http://www.dorljamesjesq.com
12,Abel,Maclead,Rangoni Of Florence,37275 St  Rt 17m M,Middle Island,Suffolk,NY,11953,$339 ,$5 ,631-335-3414,631-677-3675,http://www.rangoniofflorence.com
13,Kiley,Caldarera,Feiner Bros,25 E 75th St #69,Los Angeles,Los Angeles,CA,90034,$49 ,$19 ,310-498-5651,310-254-3084,http://www.feinerbros.com
14,Graciela,Ruta,Buckley Miller & Wright,98 Connecticut Ave Nw,Chagrin Falls,Geauga,OH,44023,$245 ,$21 ,440-780-8425,440-579-7763,http://www.buckleymillerwright.com
15,Cammy,Albares,"Rousseaux, Michael Esq",56 E Morehead St,Laredo,Webb,TX,78045,$266 ,$20 ,956-537-6195,956-841-7216,http://www.rousseauxmichaelesq.com
16,Mattie,Poquette,Century Communications,73 State Road 434 E,Phoenix,Maricopa,AZ,85013,$240 ,$10 ,602-277-4385,602-953-6360,http://www.centurycommunications.com
17,Meaghan,Garufi,"Bolton, Wilbur Esq",69734 E Carrillo St,Mc Minnville,Warren,TN,37110,$293 ,$14 ,931-313-9635,931-235-7959,http://www.boltonwilburesq.com
18,Gladys,Rim,T M Byxbee Company Pc,322 New Horizon Blvd,Milwaukee,Milwaukee,WI,53207,$96 ,$22 ,414-661-9598,414-377-2880,http://www.tmbyxbeecompanypc.com
19,Yuki,Whobrey,Farmers Insurance Group,1 State Route 27,Taylor,Wayne,MI,48180,$37 ,$19 ,313-288-7937,313-341-4470,http://www.farmersinsurancegroup.com
20,Fletcher,Flosi,Post Box Services Plus,394 Manchester Blvd,Rockford,Winnebago,IL,61109,$198 ,$15 ,815-828-2147,815-426-5657,http://www.postboxservicesplus.com
21,Bette,Nicka,Sport En Art,6 S 33rd St,Aston,Delaware,PA,19014,$42 ,$9 ,610-545-3615,610-492-4643,http://www.sportenart.com
22,Veronika,Inouye,C 4 Network Inc,6 Greenleaf Ave,San Jose,Santa Clara,CA,95111,$283 ,$6 ,408-540-1785,408-813-4592,http://www.cnetworkinc.com
23,Willard,Kolmetz,"Ingalls, Donald R Esq",618 W Yakima Ave,Irving,Dallas,TX,75062,$222 ,$28 ,972-303-9197,972-896-4882,http://www.ingallsdonaldresq.com
24,Maryann,Royster,"Franklin, Peter L Esq",74 S Westgate St,Albany,Albany,NY,12204,$241 ,$13 ,518-966-7987,518-448-8982,http://www.franklinpeterlesq.com
25,Alisha,Slusarski,Wtlz Power 107 Fm,3273 State St,Middlesex,Middlesex,NJ,8846,$141 ,$13 ,732-658-3154,732-635-3453,http://www.wtlzpowerfm.com
26,Allene,Iturbide,"Ledecky, David Esq",1 Central Ave,Stevens Point,Portage,WI,54481,$62 ,$23 ,715-662-6764,715-530-9863,http://www.ledeckydavidesq.com
27,Chanel,Caudy,Professional Image Inc,86 Nw 66th St #8673,Shawnee,Johnson,KS,66218,$147 ,$7 ,913-388-2079,913-899-1103,http://www.professionalimageinc.com
28,Ezekiel,Chui,"Sider, Donald C Esq",2 Cedar Ave #84,Easton,Talbot,MD,21601,$168 ,$12 ,410-669-1642,410-235-8738,http://www.siderdonaldcesq.com
29,Willow,Kusko,U Pull It,90991 Thorburn Ave,New York,New York,NY,10011,$94 ,$15 ,212-582-4976,212-934-5167,http://www.upullit.com
30,Bernardo,Figeroa,"Clark, Richard Cpa",386 9th Ave N,Conroe,Montgomery,TX,77301,$211 ,$18 ,936-336-3951,936-597-3614,http://www.clarkrichardcpa.com
31,Ammie,Corrio,"Moskowitz, Barry S",74874 Atlantic Ave,Columbus,Franklin,OH,43215,$119 ,$12 ,614-801-9788,614-648-3265,http://www.moskowitzbarrys.com
32,Francine,Vocelka,Cascade Realty Advisors Inc,366 South Dr,Las Cruces,Dona Ana,NM,88011,$167 ,$14 ,505-977-3911,505-335-5293,http://www.cascaderealtyadvisorsinc.com
33,Ernie,Stenseth,Knwz Newsradio,45 E Liberty St,Ridgefield Park,Bergen,NJ,7660,$247 ,$16 ,201-709-6245,201-387-9093,http://www.knwznewsradio.com
34,Albina,Glick,"Giampetro, Anthony D",4 Ralph Ct,Dunellen,Middlesex,NJ,8812,$99 ,$12 ,732-924-7882,732-782-6701,http://www.giampetroanthonyd.com
35,Alishia,Sergi,Milford Enterprises Inc,2742 Distribution Way,New York,New York,NY,10025,$56 ,$15 ,212-860-1579,212-753-2740,http://www.milfordenterprisesinc.com
36,Solange,Shinko,"Mosocco, Ronald A",426 Wolf St,Metairie,Jefferson,LA,70002,$32 ,$17 ,504-979-9175,504-265-8174,http://www.mosoccoronalda.com
37,Jose,Stockham,Tri State Refueler Co,128 Bransten Rd,New York,New York,NY,10011,$245 ,$12 ,212-675-8570,212-569-4233,http://www.tristaterefuelerco.com
38,Rozella,Ostrosky,Parkway Company,17 Morena Blvd,Camarillo,Ventura,CA,93012,$217 ,$11 ,805-832-6163,805-609-1531,http://www.parkwaycompany.com
39,Valentine,Gillian,Fbs Business Finance,775 W 17th St,San Antonio,Bexar,TX,78204,$290 ,$9 ,210-812-9597,210-300-6244,http://www.fbsbusinessfinance.com
40,Kati,Rulapaugh,Eder Assocs Consltng Engrs Pc,6980 Dorsett Rd,Abilene,Dickinson,KS,67410,$42 ,$12 ,785-463-7829,785-219-7724,http://www.ederassocsconsltngengrspc.com
41,Youlanda,Schemmer,Tri M Tool Inc,2881 Lewis Rd,Prineville,Crook,OR,97754,$165 ,$10 ,541-548-8197,541-993-2611,http://www.trimtoolinc.com
42,Dyan,Oldroyd,International Eyelets Inc,7219 Woodfield Rd,Overland Park,Johnson,KS,66204,$201 ,$13 ,913-413-4604,913-645-8918,http://www.internationaleyeletsinc.com
43,Roxane,Campain,Rapid Trading Intl,1048 Main St,Fairbanks,Fairbanks North Star,AK,99708,$182 ,$21 ,907-231-4722,907-335-6568,http://www.rapidtradingintl.com
44,Lavera,Perin,Abc Enterprises Inc,678 3rd Ave,Miami,Miami-Dade,FL,33196,$95 ,$21 ,305-606-7291,305-995-2078,http://www.abcenterprisesinc.com
45,Erick,Ferencz,Cindy Turner Associates,20 S Babcock St,Fairbanks,Fairbanks North Star,AK,99712,$212 ,$11 ,907-741-1044,907-227-6777,http://www.cindyturnerassociates.com
46,Fatima,Saylors,"Stanton, James D Esq",2 Lighthouse Ave,Hopkins,Hennepin,MN,55343,$270 ,$10 ,952-768-2416,952-479-2375,http://www.stantonjamesdesq.com
47,Jina,Briddick,Grace Pastries Inc,38938 Park Blvd,Boston,Suffolk,MA,2128,$101 ,$22 ,617-399-5124,617-997-5771,http://www.gracepastriesinc.com
48,Kanisha,Waycott,"Schroer, Gene E Esq",5 Tomahawk Dr,Los Angeles,Los Angeles,CA,90006,$132 ,$11 ,323-453-2780,323-315-7314,http://www.schroergeneeesq.com
49,Emerson,Bowley,Knights Inn,762 S Main St,Madison,Dane,WI,53711,$202 ,$11 ,608-336-7444,608-658-7940,http://www.knightsinn.com
50,Blair,Malet,Bollinger Mach Shp & Shipyard,209 Decker Dr,Philadelphia,Philadelphia,PA,19132,$137 ,$9 ,215-907-9111,215-794-4519,http://www.bollingermachshpshipyard.com
51,Brock,Bolognia,Orinda News,4486 W O St #1,New York,New York,NY,10003,$194 ,$19 ,212-402-9216,212-617-5063,http://www.orindanews.com
52,Lorrie,Nestle,Ballard Spahr Andrews,39 S 7th St,Tullahoma,Coffee,TN,37388,$333 ,$10 ,931-875-6644,931-303-6041,http://www.ballardspahrandrews.com
53,Sabra,Uyetake,Lowy Limousine Service,98839 Hawthorne Blvd #6101,Columbia,Richland,SC,29201,$323 ,$17 ,803-925-5213,803-681-3678,http://www.lowylimousineservice.com
54,Marjory,Mastella,Vicon Corporation,71 San Mateo Ave,Wayne,Delaware,PA,19087,$172 ,$18 ,610-814-5533,610-379-7125,http://www.viconcorporation.com
55,Karl,Klonowski,"Rossi, Michael M",76 Brooks St #9,Flemington,Hunterdon,NJ,8822,$347 ,$18 ,908-877-6135,908-470-4661,http://www.rossimichaelm.com
56,Tonette,Wenner,Northwest Publishing,4545 Courthouse Rd,Westbury,Nassau,NY,11590,$299 ,$10 ,516-968-6051,516-333-4861,http://www.northwestpublishing.com
57,Amber,Monarrez,Branford Wire & Mfg Co,14288 Foster Ave #4121,Jenkintown,Montgomery,PA,19046,$136 ,$18 ,215-934-8655,215-329-6386,http://www.branfordwiremfgco.com
58,Shenika,Seewald,East Coast Marketing,4 Otis St,Van Nuys,Los Angeles,CA,91405,$57 ,$7 ,818-423-4007,818-749-8650,http://www.eastcoastmarketing.com
59,Delmy,Ahle,Wye Technologies Inc,65895 S 16th St,Providence,Providence,RI,2909,$211 ,$8 ,401-458-2547,401-559-8961,http://www.wyetechnologiesinc.com
60,Deeanna,Juhas,"Healy, George W Iv",14302 Pennsylvania Ave,Huntingdon Valley,Montgomery,PA,19006,$317 ,$20 ,215-211-9589,215-417-9563,http://www.healygeorgewiv.com
61,Blondell,Pugh,Alpenlite Inc,201 Hawk Ct,Providence,Providence,RI,2904,$332 ,$22 ,401-960-8259,401-300-8122,http://www.alpenliteinc.com
62,Jamal,Vanausdal,"Hubbard, Bruce Esq",53075 Sw 152nd Ter #615,Monroe Township,Middlesex,NJ,8831,$340 ,$20 ,732-234-1546,732-904-2931,http://www.hubbardbruceesq.com
63,Cecily,Hollack,Arthur A Oliver & Son Inc,59 N Groesbeck Hwy,Austin,Travis,TX,78731,$215 ,$23 ,512-486-3817,512-861-3814,http://www.arthuraoliversoninc.com
64,Carmelina,Lindall,George Jessop Carter Jewelers,2664 Lewis Rd,Littleton,Douglas,CO,80126,$215 ,$21 ,303-724-7371,303-874-5160,http://www.georgejessopcarterjewelers.com
65,Maurine,Yglesias,"Schultz, Thomas C Md",59 Shady Ln #53,Milwaukee,Milwaukee,WI,53214,$257 ,$13 ,414-748-1374,414-573-7719,http://www.schultzthomascmd.com
66,Tawna,Buvens,H H H Enterprises Inc,3305 Nabell Ave #679,New York,New York,NY,10009,$347 ,$23 ,212-674-9610,212-462-9157,http://www.hhhenterprisesinc.com
67,Penney,Weight,Hawaiian King Hotel,18 Fountain St,Anchorage,Anchorage,AK,99515,$187 ,$8 ,907-797-9628,907-873-2882,http://www.hawaiiankinghotel.com
68,Elly,Morocco,Killion Industries,7 W 32nd St,Erie,Erie,PA,16502,$286 ,$20 ,814-393-5571,814-420-3553,http://www.killionindustries.com
69,Ilene,Eroman,"Robinson, William J Esq",2853 S Central Expy,Glen Burnie,Anne Arundel,MD,21061,$200 ,$24 ,410-914-9018,410-937-4543,http://www.robinsonwilliamjesq.com
70,Vallie,Mondella,Private Properties,74 W College St,Boise,Ada,ID,83707,$233 ,$23 ,208-862-5339,208-737-8439,http://www.privateproperties.com
71,Kallie,Blackwood,Rowley Schlimgen Inc,701 S Harrison Rd,San Francisco,San Francisco,CA,94104,$32 ,$16 ,415-315-2761,415-604-7609,http://www.rowleyschlimgeninc.com
72,Johnetta,Abdallah,Forging Specialties,1088 Pinehurst St,Chapel Hill,Orange,NC,27514,$285 ,$17 ,919-225-9345,919-715-3791,http://www.forgingspecialties.com
73,Bobbye,Rhym,"Smits, Patricia Garity",30 W 80th St #1995,San Carlos,San Mateo,CA,94070,$212 ,$20 ,650-528-5783,650-811-9032,http://www.smitspatriciagarity.com
74,Micaela,Rhymes,H Lee Leonard Attorney At Law,20932 Hedley St,Concord,Contra Costa,CA,94520,$298 ,$16 ,925-647-3298,925-522-7798,http://www.hleeleonardattorneyatlaw.com
75,Tamar,Hoogland,A K Construction Co,2737 Pistorio Rd #9230,London,Madison,OH,43140,$158 ,$23 ,740-343-8575,740-526-5410,http://www.akconstructionco.com
76,Moon,Parlato,"Ambelang, Jessica M Md",74989 Brandon St,Wellsville,Allegany,NY,14895,$111 ,$9 ,585-866-8313,585-498-4278,http://www.ambelangjessicammd.com
77,Laurel,Reitler,Q A Service,6 Kains Ave,Baltimore,Baltimore City,MD,21215,$235 ,$15 ,410-520-4832,410-957-6903,http://www.qaservice.com
78,Delisa,Crupi,Wood & Whitacre Contractors,47565 W Grand Ave,Newark,Essex,NJ,7105,$27 ,$26 ,973-354-2040,973-847-9611,http://www.woodwhitacrecontractors.com
79,Viva,Toelkes,Mark Iv Press Ltd,4284 Dorigo Ln,Chicago,Cook,IL,60647,$163 ,$19 ,773-446-5569,773-352-3437,http://www.markivpressltd.com
80,Elza,Lipke,Museum Of Science & Industry,6794 Lake Dr E,Newark,Essex,NJ,7104,$133 ,$21 ,973-927-3447,973-796-3667,http://www.museumofscienceindustry.com
81,Devorah,Chickering,Garrison Ind,31 Douglas Blvd #950,Clovis,Curry,NM,88101,$47 ,$16 ,505-975-8559,505-950-1763,http://www.garrisonind.com
82,Timothy,Mulqueen,Saronix Nymph Products,44 W 4th St,Staten Island,Richmond,NY,10309,$83 ,$22 ,718-332-6527,718-654-7063,http://www.saronixnymphproducts.com
83,Arlette,Honeywell,Smc Inc,11279 Loytan St,Jacksonville,Duval,FL,32254,$154 ,$13 ,904-775-4480,904-514-9918,http://www.smcinc.com
84,Dominque,Dickerson,E A I Electronic Assocs Inc,69 Marquette Ave,Hayward,Alameda,CA,94545,$97 ,$27 ,510-993-3758,510-901-7640,http://www.eaielectronicassocsinc.com
85,Lettie,Isenhower,"Conte, Christopher A Esq",70 W Main St,Beachwood,Cuyahoga,OH,44122,$90 ,$23 ,216-657-7668,216-733-8494,http://www.contechristopheraesq.com
86,Myra,Munns,Anker Law Office,461 Prospect Pl #316,Euless,Tarrant,TX,76040,$177 ,$19 ,817-914-7518,817-451-3518,http://www.ankerlawoffice.com
87,Stephaine,Barfield,Beutelschies & Company,47154 Whipple Ave Nw,Gardena,Los Angeles,CA,90247,$128 ,$27 ,310-774-7643,310-968-1219,http://www.beutelschiescompany.com
88,Lai,Gato,"Fligg, Kenneth I Jr",37 Alabama Ave,Evanston,Cook,IL,60201,$301 ,$14 ,847-728-7286,847-957-4614,http://www.fliggkennethijr.com
89,Stephen,Emigh,"Sharp, J Daniel Esq",3777 E Richmond St #900,Akron,Summit,OH,44302,$51 ,$14 ,330-537-5358,330-700-2312,http://www.sharpjdanielesq.com
90,Tyra,Shields,"Assink, Anne H Esq",3 Fort Worth Ave,Philadelphia,Philadelphia,PA,19106,$236 ,$11 ,215-255-1641,215-228-8264,http://www.assinkannehesq.com
91,Tammara,Wardrip,Jewel My Shop Inc,4800 Black Horse Pike,Burlingame,San Mateo,CA,94010,$296 ,$9 ,650-803-1936,650-216-5075,http://www.jewelmyshopinc.com
92,Cory,Gibes,Chinese Translation Resources,83649 W Belmont Ave,San Gabriel,Los Angeles,CA,91776,$292 ,$19 ,626-572-1096,626-696-2777,http://www.chinesetranslationresources.com
93,Danica,Bruschke,"Stevens, Charles T",840 15th Ave,Waco,McLennan,TX,76708,$250 ,$15 ,254-782-8569,254-205-1422,http://www.stevenscharlest.com
94,Wilda,Giguere,"Mclaughlin, Luther W Cpa",1747 Calle Amanecer #2,Anchorage,Anchorage,AK,99501,$331 ,$20 ,907-870-5536,907-914-9482,http://www.mclaughlinlutherwcpa.com
95,Elvera,Benimadho,Tree Musketeers,99385 Charity St #840,San Jose,Santa Clara,CA,95110,$293 ,$7 ,408-703-8505,408-440-8447,http://www.treemusketeers.com
96,Carma,Vanheusen,Springfield Div Oh Edison Co,68556 Central Hwy,San Leandro,Alameda,CA,94577,$191 ,$21 ,510-503-7169,510-452-4835,http://www.springfielddivohedisonco.com
97,Malinda,Hochard,Logan Memorial Hospital,55 Riverside Ave,Indianapolis,Marion,IN,46202,$129 ,$15 ,317-722-5066,317-472-2412,http://www.loganmemorialhospital.com
98,Natalie,Fern,"Kelly, Charles G Esq",7140 University Ave,Rock Springs,Sweetwater,WY,82901,$321 ,$28 ,307-704-8713,307-279-3793,http://www.kellycharlesgesq.com
99,Lisha,Centini,Industrial Paper Shredders Inc,64 5th Ave #1153,Mc Lean,Fairfax,VA,22102,$122 ,$17 ,703-235-3937,703-475-7568,http://www.industrialpapershreddersinc.com
100,Arlene,Klusman,Beck Horizon Builders,3 Secor Rd,New Orleans,Orleans,LA,70112,$154 ,$9 ,504-710-5840,504-946-1807,http://www.beckhorizonbuilders.com
101,Alease,Buemi,Porto Cayo At Hawks Cay,4 Webbs Chapel Rd,Boulder,Boulder,CO,80303,$109 ,$22 ,303-301-4946,303-521-9860,http://www.portocayoathawkscay.com
102,Louisa,Cronauer,Pacific Grove Museum Ntrl Hist,524 Louisiana Ave Nw,San Leandro,Alameda,CA,94577,$143 ,$26 ,510-828-7047,510-472-7758,http://www.pacificgrovemuseumntrlhist.com
103,Angella,Cetta,Bender & Hatley Pc,185 Blackstone Bldge,Honolulu,Honolulu,HI,96817,$341 ,$16 ,808-892-7943,808-475-2310,http://www.benderhatleypc.com
104,Cyndy,Goldammer,Di Cristina J & Son,170 Wyoming Ave,Burnsville,Dakota,MN,55337,$169 ,$18 ,952-334-9408,952-938-9457,http://www.dicristinajson.com
105,Rosio,Cork,Green Goddess,4 10th St W,High Point,Guilford,NC,27263,$315 ,$6 ,336-243-5659,336-497-4407,http://www.greengoddess.com
106,Celeste,Korando,American Arts & Graphics,7 W Pinhook Rd,Lynbrook,Nassau,NY,11563,$179 ,$25 ,516-509-2347,516-365-7266,http://www.americanartsgraphics.com
107,Twana,Felger,Opryland Hotel,1 Commerce Way,Portland,Washington,OR,97224,$238 ,$25 ,503-939-3153,503-909-7167,http://www.oprylandhotel.com
108,Estrella,Samu,Marking Devices Pubg Co,64 Lakeview Ave,Beloit,Rock,WI,53511,$344 ,$15 ,608-976-7199,608-942-8836,http://www.markingdevicespubgco.com
109,Donte,Kines,W Tc Industries Inc,3 Aspen St,Worcester,Worcester,MA,1602,$226 ,$24 ,508-429-8576,508-843-1426,http://www.wtcindustriesinc.com
110,Tiffiny,Steffensmeier,Whitehall Robbins Labs Divsn,32860 Sierra Rd,Miami,Miami-Dade,FL,33133,$329 ,$9 ,305-385-9695,305-304-6573,http://www.whitehallrobbinslabsdivsn.com
111,Edna,Miceli,Sampler,555 Main St,Erie,Erie,PA,16502,$41 ,$12 ,814-460-2655,814-299-2877,http://www.sampler.com
112,Sue,Kownacki,Juno Chefs Incorporated,2 Se 3rd Ave,Mesquite,Dallas,TX,75149,$298 ,$27 ,972-666-3413,972-742-4000,http://www.junochefsincorporated.com
113,Jesusa,Shin,"Carroccio, A Thomas Esq",2239 Shawnee Mission Pky,Tullahoma,Coffee,TN,37388,$349 ,$11 ,931-273-8709,931-739-1551,http://www.carroccioathomasesq.com
114,Rolland,Francescon,"Stanley, Richard L Esq",2726 Charcot Ave,Paterson,Passaic,NJ,7501,$44 ,$13 ,973-649-2922,973-284-4048,http://www.stanleyrichardlesq.com
115,Pamella,Schmierer,K Cs Cstm Mouldings Windows,5161 Dorsett Rd,Homestead,Miami-Dade,FL,33030,$268 ,$19 ,305-420-8970,305-575-8481,http://www.kcscstmmouldingswindows.com
116,Glory,Kulzer,Comfort Inn,55892 Jacksonville Rd,Owings Mills,Baltimore,MD,21117,$332 ,$15 ,410-224-9462,410-916-8015,http://www.comfortinn.com
117,Shawna,Palaspas,"Windsor, James L Esq",5 N Cleveland Massillon Rd,Thousand Oaks,Ventura,CA,91362,$128 ,$21 ,805-275-3566,805-638-6617,http://www.windsorjameslesq.com
118,Brandon,Callaro,Jackson Shields Yeiser,7 Benton Dr,Honolulu,Honolulu,HI,96819,$210 ,$18 ,808-215-6832,808-240-5168,http://www.jacksonshieldsyeiser.com
119,Scarlet,Cartan,"Box, J Calvin Esq",9390 S Howell Ave,Albany,Dougherty,GA,31701,$237 ,$18 ,229-735-3378,229-365-9658,http://www.boxjcalvinesq.com
120,Oretha,Menter,Custom Engineering Inc,8 County Center Dr #647,Boston,Suffolk,MA,2210,$333 ,$27 ,617-418-5043,617-697-6024,http://www.customengineeringinc.com
121,Ty,Smith,Bresler Eitel Framg Gllry Ltd,4646 Kaahumanu St,Hackensack,Bergen,NJ,7601,$204 ,$14 ,201-672-1553,201-995-3149,http://www.breslereitelframggllryltd.com
122,Xuan,Rochin,"Carol, Drake Sparks Esq",2 Monroe St,San Mateo,San Mateo,CA,94403,$106 ,$9 ,650-933-5072,650-247-2625,http://www.caroldrakesparksesq.com
123,Lindsey,Dilello,Biltmore Investors Bank,52777 Leaders Heights Rd,Ontario,San Bernardino,CA,91761,$201 ,$25 ,909-639-9887,909-589-1693,http://www.biltmoreinvestorsbank.com
124,Devora,Perez,Desco Equipment Corp,72868 Blackington Ave,Oakland,Alameda,CA,94606,$346 ,$16 ,510-955-3016,510-755-9274,http://www.descoequipmentcorp.com
125,Herman,Demesa,Merlin Electric Co,9 Norristown Rd,Troy,Rensselaer,NY,12180,$66 ,$17 ,518-497-2940,518-931-7852,http://www.merlinelectricco.com
126,Rory,Papasergi,Bailey Cntl Co Div Babcock,83 County Road 437 #8581,Clarks Summit,Lackawanna,PA,18411,$274 ,$13 ,570-867-7489,570-469-8401,http://www.baileycntlcodivbabcock.com
127,Talia,Riopelle,Ford Brothers Wholesale Inc,1 N Harlem Ave #9,Orange,Essex,NJ,7050,$159 ,$11 ,973-245-2133,973-818-9788,http://www.fordbrotherswholesaleinc.com
128,Van,Shire,Cambridge Inn,90131 J St,Pittstown,Hunterdon,NJ,8867,$186 ,$15 ,908-409-2890,908-448-1209,http://www.cambridgeinn.com
129,Lucina,Lary,"Matricciani, Albert J Jr",8597 W National Ave,Cocoa,Brevard,FL,32922,$255 ,$12 ,321-749-4981,321-632-4668,http://www.matriccianialbertjjr.com
130,Bok,Isaacs,Nelson Hawaiian Ltd,6 Gilson St,Bronx,Bronx,NY,10468,$266 ,$23 ,718-809-3762,718-478-8568,http://www.nelsonhawaiianltd.com
131,Rolande,Spickerman,Neland Travel Agency,65 W Maple Ave,Pearl City,Honolulu,HI,96782,$157 ,$19 ,808-315-3077,808-526-5863,http://www.nelandtravelagency.com
132,Howard,Paulas,"Asendorf, J Alan Esq",866 34th Ave,Denver,Denver,CO,80231,$70 ,$15 ,303-623-4241,303-692-3118,http://www.asendorfjalanesq.com
133,Kimbery,Madarang,"Silberman, Arthur L Esq",798 Lund Farm Way,Rockaway,Morris,NJ,7866,$225 ,$8 ,973-310-1634,973-225-6259,http://www.silbermanarthurlesq.com
134,Thurman,Manno,Honey Bee Breeding Genetics &,9387 Charcot Ave,Absecon,Atlantic,NJ,8201,$203 ,$14 ,609-524-3586,609-234-8376,http://www.honeybeebreedinggenetics.com
135,Becky,Mirafuentes,Wells Kravitz Schnitzer,30553 Washington Rd,Plainfield,Union,NJ,7062,$336 ,$18 ,908-877-8409,908-426-8272,http://www.wellskravitzschnitzer.com
136,Beatriz,Corrington,Prohab Rehabilitation Servs,481 W Lemon St,Middleboro,Plymouth,MA,2346,$146 ,$5 ,508-584-4279,508-315-3867,http://www.prohabrehabilitationservs.com
137,Marti,Maybury,"Eldridge, Kristin K Esq",4 Warehouse Point Rd #7,Chicago,Cook,IL,60638,$164 ,$26 ,773-775-4522,773-539-1058,http://www.eldridgekristinkesq.com
138,Nieves,Gotter,"Vlahos, John J Esq",4940 Pulaski Park Dr,Portland,Multnomah,OR,97202,$185 ,$27 ,503-527-5274,503-455-3094,http://www.vlahosjohnjesq.com
139,Leatha,Hagele,Ninas Indian Grs & Videos,627 Walford Ave,Dallas,Dallas,TX,75227,$272 ,$23 ,214-339-1809,214-225-5850,http://www.ninasindiangrsvideos.com
140,Valentin,Klimek,"Schmid, Gayanne K Esq",137 Pioneer Way,Chicago,Cook,IL,60604,$179 ,$10 ,312-303-5453,312-512-2338,http://www.schmidgayannekesq.com
141,Melissa,Wiklund,Moapa Valley Federal Credit Un,61 13 Stoneridge #835,Findlay,Hancock,OH,45840,$231 ,$11 ,419-939-3613,419-254-4591,http://www.moapavalleyfederalcreditun.com
142,Sheridan,Zane,Kentucky Tennessee Clay Co,2409 Alabama Rd,Riverside,Riverside,CA,92501,$345 ,$23 ,951-645-3605,951-248-6822,http://www.kentuckytennesseeclayco.com
143,Bulah,Padilla,Admiral Party Rentals & Sales,8927 Vandever Ave,Waco,McLennan,TX,76707,$127 ,$5 ,254-463-4368,254-816-8417,http://www.admiralpartyrentalssales.com
144,Audra,Kohnert,"Nelson, Karolyn King Esq",134 Lewis Rd,Nashville,Davidson,TN,37211,$218 ,$6 ,615-406-7854,615-448-9249,http://www.nelsonkarolynkingesq.com
145,Daren,Weirather,Panasystems,9 N College Ave #3,Milwaukee,Milwaukee,WI,53216,$193 ,$8 ,414-959-2540,414-838-3151,http://www.panasystems.com
146,Fernanda,Jillson,"Shank, Edward L Esq",60480 Old Us Highway 51,Preston,Caroline,MD,21655,$203 ,$14 ,410-387-5260,410-724-6472,http://www.shankedwardlesq.com
147,Gearldine,Gellinger,Megibow & Edwards,4 Bloomfield Ave,Irving,Dallas,TX,75061,$149 ,$14 ,972-934-6914,972-821-7118,http://www.megibowedwards.com
148,Chau,Kitzman,"Benoff, Edward Esq",429 Tiger Ln,Beverly Hills,Los Angeles,CA,90212,$209 ,$24 ,310-560-8022,310-969-7230,http://www.benoffedwardesq.com
149,Theola,Frey,Woodbridge Free Public Library,54169 N Main St,Massapequa,Nassau,NY,11758,$102 ,$10 ,516-948-5768,516-357-3362,http://www.woodbridgefreepubliclibrary.com
150,Cheryl,Haroldson,New York Life John Thune,92 Main St,Atlantic City,Atlantic,NJ,8401,$58 ,$19 ,609-518-7697,609-263-9243,http://www.newyorklifejohnthune.com
151,Laticia,Merced,Alinabal Inc,72 Mannix Dr,Cincinnati,Hamilton,OH,45203,$349 ,$21 ,513-508-7371,513-418-1566,http://www.alinabalinc.com
152,Carissa,Batman,"Poletto, Kim David Esq",12270 Caton Center Dr,Eugene,Lane,OR,97401,$288 ,$13 ,541-326-4074,541-801-5717,http://www.polettokimdavidesq.com
153,Lezlie,Craghead,"Chang, Carolyn Esq",749 W 18th St #45,Smithfield,Johnston,NC,27577,$241 ,$18 ,919-533-3762,919-885-2453,http://www.changcarolynesq.com
154,Ozell,Shealy,Silver Bros Inc,8 Industry Ln,New York,New York,NY,10002,$49 ,$17 ,212-332-8435,212-880-8865,http://www.silverbrosinc.com
155,Arminda,Parvis,Newtec Inc,1 Huntwood Ave,Phoenix,Maricopa,AZ,85017,$242 ,$28 ,602-906-9419,602-277-3025,http://www.newtecinc.com
156,Reita,Leto,Creative Business Systems,55262 N French Rd,Indianapolis,Marion,IN,46240,$241 ,$15 ,317-234-1135,317-787-5514,http://www.creativebusinesssystems.com
157,Yolando,Luczki,Dal Tile Corporation,422 E 21st St,Syracuse,Onondaga,NY,13214,$174 ,$19 ,315-304-4759,315-640-6357,http://www.daltilecorporation.com
158,Lizette,Stem,Edward S Katz,501 N 19th Ave,Cherry Hill,Camden,NJ,8002,$117 ,$6 ,856-487-5412,856-702-3676,http://www.edwardskatz.com
159,Gregoria,Pawlowicz,Oh My Goodknits Inc,455 N Main Ave,Garden City,Nassau,NY,11530,$75 ,$11 ,516-212-1915,516-376-4230,http://www.ohmygoodknitsinc.com
160,Carin,Deleo,"Redeker, Debbie",1844 Southern Blvd,Little Rock,Pulaski,AR,72202,$24 ,$7 ,501-308-1040,501-409-6072,http://www.redekerdebbie.com
161,Chantell,Maynerich,Desert Sands Motel,2023 Greg St,Saint Paul,Ramsey,MN,55101,$171 ,$20 ,651-591-2583,651-776-9688,http://www.desertsandsmotel.com
162,Dierdre,Yum,Cummins Southern Plains Inc,63381 Jenks Ave,Philadelphia,Philadelphia,PA,19134,$310 ,$21 ,215-325-3042,215-346-4666,http://www.cumminssouthernplainsinc.com
163,Larae,Gudroe,Lehigh Furn Divsn Lehigh,6651 Municipal Rd,Houma,Terrebonne,LA,70360,$99 ,$14 ,985-890-7262,985-261-5783,http://www.lehighfurndivsnlehigh.com
164,Latrice,Tolfree,United Van Lines Agent,81 Norris Ave #525,Ronkonkoma,Suffolk,NY,11779,$33 ,$7 ,631-957-7624,631-998-2102,http://www.unitedvanlinesagent.com
165,Kerry,Theodorov,Capitol Reporters,6916 W Main St,Sacramento,Sacramento,CA,95827,$39 ,$16 ,916-591-3277,916-770-7448,http://www.capitolreporters.com
166,Dorthy,Hidvegi,Kwik Kopy Printing,9635 S Main St,Boise,Ada,ID,83704,$163 ,$22 ,208-649-2373,208-690-3315,http://www.kwikkopyprinting.com
167,Fannie,Lungren,Centro Inc,17 Us Highway 111,Round Rock,Williamson,TX,78664,$304 ,$18 ,512-587-5746,512-528-9933,http://www.centroinc.com
168,Evangelina,Radde,"Campbell, Jan Esq",992 Civic Center Dr,Philadelphia,Philadelphia,PA,19123,$134 ,$15 ,215-964-3284,215-417-5612,http://www.campbelljanesq.com
169,Novella,Degroot,"Evans, C Kelly Esq",303 N Radcliffe St,Hilo,Hawaii,HI,96720,$46 ,$17 ,808-477-4775,808-746-1865,http://www.evansckellyesq.com
170,Clay,Hoa,Scat Enterprises,73 Saint Ann St #86,Reno,Washoe,NV,89502,$126 ,$20 ,775-501-8109,775-848-9135,http://www.scatenterprises.com
171,Jennifer,Fallick,"Nagle, Daniel J Esq",44 58th St,Wheeling,Cook,IL,60090,$142 ,$21 ,847-979-9545,847-800-3054,http://www.nagledanieljesq.com
172,Irma,Wolfgramm,Serendiquity Bed & Breakfast,9745 W Main St,Randolph,Morris,NJ,7869,$168 ,$24 ,973-545-7355,973-868-8660,http://www.serendiquitybedbreakfast.com
173,Eun,Coody,Ray Carolyne Realty,84 Bloomfield Ave,Spartanburg,Spartanburg,SC,29301,$115 ,$9 ,864-256-3620,864-594-4578,http://www.raycarolynerealty.com
174,Sylvia,Cousey,"Berg, Charles E",287 Youngstown Warren Rd,Hampstead,Carroll,MD,21074,$283 ,$12 ,410-209-9545,410-863-8263,http://www.bergcharlese.com
175,Nana,Wrinkles,"Ray, Milbern D",6 Van Buren St,Mount Vernon,Westchester,NY,10553,$233 ,$12 ,914-855-2115,914-796-3775,http://www.raymilbernd.com
176,Layla,Springe,Chadds Ford Winery,229 N Forty Driv,New York,New York,NY,10011,$125 ,$12 ,212-260-3151,212-253-7448,http://www.chaddsfordwinery.com
177,Joesph,Degonia,A R Packaging,2887 Knowlton St #5435,Berkeley,Alameda,CA,94710,$186 ,$26 ,510-677-9785,510-942-5916,http://www.arpackaging.com
178,Annabelle,Boord,Corn Popper,523 Marquette Ave,Concord,Middlesex,MA,1742,$328 ,$22 ,978-697-6263,978-289-7717,http://www.cornpopper.com
179,Stephaine,Vinning,Birite Foodservice Distr,3717 Hamann Industrial Pky,San Francisco,San Francisco,CA,94104,$346 ,$23 ,415-767-6596,415-712-9530,http://www.biritefoodservicedistr.com
180,Nelida,Sawchuk,Anchorage Museum Of Hist & Art,3 State Route 35 S,Paramus,Bergen,NJ,7652,$284 ,$16 ,201-971-1638,201-247-8925,http://www.anchoragemuseumofhistart.com
181,Marguerita,Hiatt,"Haber, George D Md",82 N Highway 67,Oakley,Contra Costa,CA,94561,$258 ,$5 ,925-634-7158,925-541-8521,http://www.habergeorgedmd.com
182,Carmela,Cookey,Royal Pontiac Olds Inc,9 Murfreesboro Rd,Chicago,Cook,IL,60623,$235 ,$7 ,773-494-4195,773-297-9391,http://www.royalpontiacoldsinc.com
183,Junita,Brideau,Leonards Antiques Inc,6 S Broadway St,Cedar Grove,Essex,NJ,7009,$162 ,$24 ,973-943-3423,973-582-5469,http://www.leonardsantiquesinc.com
184,Claribel,Varriano,Meca,6 Harry L Dr #6327,Perrysburg,Wood,OH,43551,$82 ,$20 ,419-544-4900,419-573-2033,http://www.meca.com
185,Benton,Skursky,Nercon Engineering & Mfg Inc,47939 Porter Ave,Gardena,Los Angeles,CA,90248,$124 ,$20 ,310-579-2907,310-694-8466,http://www.nerconengineeringmfginc.com
186,Hillary,Skulski,Replica I,9 Wales Rd Ne #914,Homosassa,Citrus,FL,34448,$182 ,$14 ,352-242-2570,352-990-5946,http://www.replicai.com
187,Merilyn,Bayless,20 20 Printing Inc,195 13n N,Santa Clara,Santa Clara,CA,95054,$61 ,$25 ,408-758-5015,408-346-2180,http://www.printinginc.com
188,Teri,Ennaco,Publishers Group West,99 Tank Farm Rd,Hazleton,Luzerne,PA,18201,$217 ,$20 ,570-889-5187,570-355-1665,http://www.publishersgroupwest.com
189,Merlyn,Lawler,"Nischwitz, Jeffrey L Esq",4671 Alemany Blvd,Jersey City,Hudson,NJ,7304,$181 ,$17 ,201-588-7810,201-858-9960,http://www.nischwitzjeffreylesq.com
190,Georgene,Montezuma,Payne Blades & Wellborn Pa,98 University Dr,San Ramon,Contra Costa,CA,94583,$170 ,$15 ,925-615-5185,925-943-3449,http://www.paynebladeswellbornpa.com
191,Jettie,Mconnell,Coldwell Bnkr Wright Real Est,50 E Wacker Dr,Bridgewater,Somerset,NJ,8807,$268 ,$15 ,908-802-3564,908-602-5258,http://www.coldwellbnkrwrightrealest.com
192,Lemuel,Latzke,Computer Repair Service,70 Euclid Ave #722,Bohemia,Suffolk,NY,11716,$118 ,$28 ,631-748-6479,631-291-4976,http://www.computerrepairservice.com
193,Melodie,Knipp,Fleetwood Building Block Inc,326 E Main St #6496,Thousand Oaks,Ventura,CA,91362,$198 ,$9 ,805-690-1682,805-810-8964,http://www.fleetwoodbuildingblockinc.com
194,Candida,Corbley,Colts Neck Medical Assocs Inc,406 Main St,Somerville,Somerset,NJ,8876,$338 ,$27 ,908-275-8357,908-943-6103,http://www.coltsneckmedicalassocsinc.com
195,Karan,Karpin,New England Taxidermy,3 Elmwood Dr,Beaverton,Washington,OR,97005,$91 ,$10 ,503-940-8327,503-707-5812,http://www.newenglandtaxidermy.com
196,Andra,Scheyer,"Ludcke, George O Esq",9 Church St,Salem,Marion,OR,97302,$261 ,$9 ,503-516-2189,503-950-3068,http://www.ludckegeorgeoesq.com
197,Felicidad,Poullion,"Mccorkle, Tom S Esq",9939 N 14th St,Riverton,Burlington,NJ,8077,$162 ,$8 ,856-305-9731,856-828-6021,http://www.mccorkletomsesq.com
198,Belen,Strassner,Eagle Software Inc,5384 Southwyck Blvd,Douglasville,Douglas,GA,30135,$227 ,$9 ,770-507-8791,770-802-4003,http://www.eaglesoftwareinc.com
199,Gracia,Melnyk,Juvenile & Adult Super,97 Airport Loop Dr,Jacksonville,Duval,FL,32216,$131 ,$25 ,904-235-3633,904-627-4341,http://www.juvenileadultsuper.com
200,Jolanda,Hanafan,"Perez, Joseph J Esq",37855 Nolan Rd,Bangor,Penobscot,ME,4401,$53 ,$13 ,207-458-9196,207-233-6185,http://www.perezjosephjesq.com
201,Barrett,Toyama,Case Foundation Co,4252 N Washington Ave #9,Kennedale,Tarrant,TX,76060,$329 ,$26 ,817-765-5781,817-577-6151,http://www.casefoundationco.com
202,Helga,Fredicks,Eis Environmental Engrs Inc,42754 S Ash Ave,Buffalo,Erie,NY,14228,$106 ,$7 ,716-752-4114,716-854-9845,http://www.eisenvironmentalengrsinc.com
203,Ashlyn,Pinilla,Art Crafters,703 Beville Rd,Opa Locka,Miami-Dade,FL,33054,$341 ,$20 ,305-670-9628,305-857-5489,http://www.artcrafters.com
204,Fausto,Agramonte,Marriott Hotels Resorts Suites,5 Harrison Rd,New York,New York,NY,10038,$92 ,$6 ,212-313-1783,212-778-3063,http://www.marriotthotelsresortssuites.com
205,Ronny,Caiafa,Remaco Inc,73 Southern Blvd,Philadelphia,Philadelphia,PA,19103,$254 ,$20 ,215-605-7570,215-511-3531,http://www.remacoinc.com
206,Marge,Limmel,"Bjork, Robert D Jr",189 Village Park Rd,Crestview,Okaloosa,FL,32536,$347 ,$15 ,850-430-1663,850-330-8079,http://www.bjorkrobertdjr.com
207,Norah,Waymire,"Carmichael, Jeffery L Esq",6 Middlegate Rd #106,San Francisco,San Francisco,CA,94107,$322 ,$12 ,415-306-7897,415-874-2984,http://www.carmichaeljefferylesq.com
208,Aliza,Baltimore,"Andrews, J Robert Esq",1128 Delaware St,San Jose,Santa Clara,CA,95132,$38 ,$24 ,408-504-3552,408-425-1994,http://www.andrewsjrobertesq.com
209,Mozell,Pelkowski,Winship & Byrne,577 Parade St,South San Francisco,San Mateo,CA,94080,$119 ,$10 ,650-947-1215,650-960-1069,http://www.winshipbyrne.com
210,Viola,Bitsuie,Burton & Davis,70 Mechanic St,Northridge,Los Angeles,CA,91325,$106 ,$14 ,818-864-4875,818-481-5787,http://www.burtondavis.com
211,Franklyn,Emard,Olympic Graphic Arts,4379 Highway 116,Philadelphia,Philadelphia,PA,19103,$300 ,$12 ,215-558-8189,215-483-3003,http://www.olympicgraphicarts.com
212,Willodean,Konopacki,Magnuson,55 Hawthorne Blvd,Lafayette,Lafayette,LA,70506,$348 ,$24 ,337-253-8384,337-774-7564,http://www.magnuson.com
213,Beckie,Silvestrini,A All American Travel Inc,7116 Western Ave,Dearborn,Wayne,MI,48126,$289 ,$20 ,313-533-4884,313-390-7855,http://www.aallamericantravelinc.com
214,Rebecka,Gesick,Polykote Inc,2026 N Plankinton Ave #3,Austin,Travis,TX,78754,$141 ,$14 ,512-213-8574,512-693-8345,http://www.polykoteinc.com
215,Frederica,Blunk,Jets Cybernetics,99586 Main St,Dallas,Dallas,TX,75207,$305 ,$23 ,214-428-2285,214-529-1949,http://www.jetscybernetics.com
216,Glen,Bartolet,Metlab Testing Services,8739 Hudson St,Vashon,King,WA,98070,$347 ,$22 ,206-697-5796,206-389-1482,http://www.metlabtestingservices.com
217,Freeman,Gochal,"Kellermann, William T Esq",383 Gunderman Rd #197,Coatesville,Chester,PA,19320,$69 ,$16 ,610-476-3501,610-752-2683,http://www.kellermannwilliamtesq.com
218,Vincent,Meinerding,"Arturi, Peter D Esq",4441 Point Term Mkt,Philadelphia,Philadelphia,PA,19143,$118 ,$24 ,215-372-1718,215-829-4221,http://www.arturipeterdesq.com
219,Rima,Bevelacqua,Mcauley Mfg Co,2972 Lafayette Ave,Gardena,Los Angeles,CA,90248,$242 ,$5 ,310-858-5079,310-499-4200,http://www.mcauleymfgco.com
220,Glendora,Sarbacher,Defur Voran Hanley Radcliff,2140 Diamond Blvd,Rohnert Park,Sonoma,CA,94928,$175 ,$14 ,707-653-8214,707-881-3154,http://www.defurvoranhanleyradcliff.com
221,Avery,Steier,Dill Dill Carr & Stonbraker Pc,93 Redmond Rd #492,Orlando,Orange,FL,32803,$159 ,$24 ,407-808-9439,407-945-8566,http://www.dilldillcarrstonbrakerpc.com
222,Cristy,Lother,Kleensteel,3989 Portage Tr,Escondido,San Diego,CA,92025,$164 ,$18 ,760-971-4322,760-465-4762,http://www.kleensteel.com
223,Nicolette,Brossart,Goulds Pumps Inc Slurry Pump,1 Midway Rd,Westborough,Worcester,MA,1581,$102 ,$24 ,508-837-9230,508-504-6388,http://www.gouldspumpsincslurrypump.com
224,Tracey,Modzelewski,Kansas City Insurance Report,77132 Coon Rapids Blvd Nw,Conroe,Montgomery,TX,77301,$171 ,$7 ,936-264-9294,936-988-8171,http://www.kansascityinsurancereport.com
225,Virgina,Tegarden,Berhanu International Foods,755 Harbor Way,Milwaukee,Milwaukee,WI,53226,$257 ,$20 ,414-214-8697,414-411-5744,http://www.berhanuinternationalfoods.com
226,Tiera,Frankel,Roland Ashcroft,87 Sierra Rd,El Monte,Los Angeles,CA,91731,$233 ,$12 ,626-636-4117,626-638-4241,http://www.rolandashcroft.com
227,Alaine,Bergesen,Hispanic Magazine,7667 S Hulen St #42,Yonkers,Westchester,NY,10701,$45 ,$22 ,914-300-9193,914-654-1426,http://www.hispanicmagazine.com
228,Earleen,Mai,Little Sheet Metal Co,75684 S Withlapopka Dr #32,Dallas,Dallas,TX,75227,$181 ,$20 ,214-289-1973,214-785-6750,http://www.littlesheetmetalco.com
229,Leonida,Gobern,"Holmes, Armstead J Esq",5 Elmwood Park Blvd,Biloxi,Harrison,MS,39530,$137 ,$28 ,228-235-5615,228-432-4635,http://www.holmesarmsteadjesq.com
230,Ressie,Auffrey,"Faw, James C Cpa",23 Palo Alto Sq,Miami,Miami-Dade,FL,33134,$297 ,$18 ,305-604-8981,305-287-4743,http://www.fawjamesccpa.com
231,Justine,Mugnolo,Evans Rule Company,38062 E Main St,New York,New York,NY,10048,$172 ,$5 ,212-304-9225,212-311-6377,http://www.evansrulecompany.com
232,Eladia,Saulter,Tyee Productions Inc,3958 S Dupont Hwy #7,Ramsey,Bergen,NJ,7446,$63 ,$24 ,201-474-4924,201-365-8698,http://www.tyeeproductionsinc.com
233,Chaya,Malvin,Dunnells & Duvall,560 Civic Center Dr,Ann Arbor,Washtenaw,MI,48103,$160 ,$26 ,734-928-5182,734-408-8174,http://www.dunnellsduvall.com
234,Gwenn,Suffield,Deltam Systems Inc,3270 Dequindre Rd,Deer Park,Suffolk,NY,11729,$236 ,$24 ,631-258-6558,631-295-9879,http://www.deltamsystemsinc.com
235,Salena,Karpel,Hammill Mfg Co,1 Garfield Ave #7,Canton,Stark,OH,44707,$53 ,$8 ,330-791-8557,330-618-2579,http://www.hammillmfgco.com
236,Yoko,Fishburne,Sams Corner Store,9122 Carpenter Ave,New Haven,New Haven,CT,6511,$336 ,$28 ,203-506-4706,203-840-8634,http://www.samscornerstore.com
237,Taryn,Moyd,"Siskin, Mark J Esq",48 Lenox St,Fairfax,Fairfax City,VA,22030,$167 ,$15 ,703-322-4041,703-938-7939,http://www.siskinmarkjesq.com
238,Katina,Polidori,Cape & Associates Real Estate,5 Little River Tpke,Wilmington,Middlesex,MA,1887,$343 ,$18 ,978-626-2978,978-679-7429,http://www.capeassociatesrealestate.com
239,Rickie,Plumer,Merrill Lynch,3 N Groesbeck Hwy,Toledo,Lucas,OH,43613,$98 ,$23 ,419-693-1334,419-313-5571,http://www.merrilllynch.com
240,Alex,Loader,"Sublett, Scott Esq",37 N Elm St #916,Tacoma,Pierce,WA,98409,$90 ,$8 ,253-660-7821,253-875-9222,http://www.sublettscottesq.com
241,Lashon,Vizarro,Sentry Signs,433 Westminster Blvd #590,Roseville,Placer,CA,95661,$188 ,$23 ,916-741-7884,916-289-4526,http://www.sentrysigns.com
242,Lauran,Burnard,Professionals Unlimited,66697 Park Pl #3224,Riverton,Fremont,WY,82501,$156 ,$13 ,307-342-7795,307-453-7589,http://www.professionalsunlimited.com
243,Ceola,Setter,Southern Steel Shelving Co,96263 Greenwood Pl,Warren,Knox,ME,4864,$112 ,$19 ,207-627-7565,207-297-5029,http://www.southernsteelshelvingco.com
244,My,Rantanen,"Bosco, Paul J",8 Mcarthur Ln,Richboro,Bucks,PA,18954,$96 ,$5 ,215-491-5633,215-647-2158,http://www.boscopaulj.com
245,Lorrine,Worlds,"Longo, Nicholas J Esq",8 Fair Lawn Ave,Tampa,Hillsborough,FL,33614,$103 ,$25 ,813-769-2939,813-863-6467,http://www.longonicholasjesq.com
246,Peggie,Sturiale,Henry County Middle School,9 N 14th St,El Cajon,San Diego,CA,92020,$54 ,$20 ,619-608-1763,619-695-8086,http://www.henrycountymiddleschool.com
247,Marvel,Raymo,Edison Supply & Equipment Co,9 Vanowen St,College Station,Brazos,TX,77840,$243 ,$19 ,979-718-8968,979-809-5770,http://www.edisonsupplyequipmentco.com
248,Daron,Dinos,"Wolf, Warren R Esq",18 Waterloo Geneva Rd,Highland Park,Lake,IL,60035,$160 ,$11 ,847-233-3075,847-265-6609,http://www.wolfwarrenresq.com
249,An,Fritz,Linguistic Systems Inc,506 S Hacienda Dr,Atlantic City,Atlantic,NJ,8401,$205 ,$17 ,609-228-5265,609-854-7156,http://www.linguisticsystemsinc.com
250,Portia,Stimmel,Peace Christian Center,3732 Sherman Ave,Bridgewater,Somerset,NJ,8807,$244 ,$5 ,908-722-7128,908-670-4712,http://www.peacechristiancenter.com
251,Rhea,Aredondo,Double B Foods Inc,25657 Live Oak St,Brooklyn,Kings,NY,11226,$198 ,$5 ,718-560-9537,718-280-4183,http://www.doublebfoodsinc.com
252,Benedict,Sama,Alexander & Alexander Inc,4923 Carey Ave,Saint Louis,Saint Louis City,MO,63104,$95 ,$20 ,314-787-1588,314-858-4832,http://www.alexanderalexanderinc.com
253,Alyce,Arias,Fairbanks Scales,3196 S Rider Trl,Stockton,San Joaquin,CA,95207,$314 ,$26 ,209-317-1801,209-242-7022,http://www.fairbanksscales.com
254,Heike,Berganza,Cali Sportswear Cutting Dept,3 Railway Ave #75,Little Falls,Passaic,NJ,7424,$154 ,$6 ,973-936-5095,973-822-8827,http://www.calisportswearcuttingdept.com
255,Carey,Dopico,"Garofani, John Esq",87393 E Highland Rd,Indianapolis,Marion,IN,46220,$36 ,$15 ,317-578-2453,317-441-5848,http://www.garofanijohnesq.com
256,Dottie,Hellickson,Thompson Fabricating Co,67 E Chestnut Hill Rd,Seattle,King,WA,98133,$280 ,$21 ,206-540-6076,206-295-5631,http://www.thompsonfabricatingco.com
257,Deandrea,Hughey,Century 21 Krall Real Estate,33 Lewis Rd #46,Burlington,Alamance,NC,27215,$310 ,$20 ,336-822-7652,336-467-3095,http://www.centurykrallrealestate.com
258,Kimberlie,Duenas,Mid Contntl Rlty & Prop Mgmt,8100 Jacksonville Rd #7,Hays,Ellis,KS,67601,$154 ,$13 ,785-629-8542,785-616-1685,http://www.midcontntlrltypropmgmt.com
259,Martina,Staback,Ace Signs Inc,7 W Wabansia Ave #227,Orlando,Orange,FL,32822,$197 ,$24 ,407-471-6908,407-429-2145,http://www.acesignsinc.com
260,Skye,Fillingim,Rodeway Inn,25 Minters Chapel Rd #9,Minneapolis,Hennepin,MN,55401,$262 ,$21 ,612-508-2655,612-664-6304,http://www.rodewayinn.com
261,Jade,Farrar,Bonnet & Daughter,6882 Torresdale Ave,Columbia,Richland,SC,29201,$224 ,$9 ,803-352-5387,803-975-3405,http://www.bonnetdaughter.com
262,Charlene,Hamilton,Oshins & Gibbons,985 E 6th Ave,Santa Rosa,Sonoma,CA,95407,$279 ,$20 ,707-300-1771,707-821-8037,http://www.oshinsgibbons.com
263,Geoffrey,Acey,Price Business Services,7 West Ave #1,Palatine,Cook,IL,60067,$55 ,$11 ,847-222-1734,847-556-2909,http://www.pricebusinessservices.com
264,Stevie,Westerbeck,"Wise, Dennis W Md",26659 N 13th St,Costa Mesa,Orange,CA,92626,$202 ,$7 ,949-867-4077,949-903-3898,http://www.wisedenniswmd.com
265,Pamella,Fortino,Super 8 Motel,669 Packerland Dr #1438,Denver,Denver,CO,80212,$77 ,$10 ,303-404-2210,303-794-1341,http://www.supermotel.com
266,Harrison,Haufler,John Wagner Associates,759 Eldora St,New Haven,New Haven,CT,6515,$68 ,$11 ,203-801-6193,203-801-8497,http://www.johnwagnerassociates.com
267,Johnna,Engelberg,Thrifty Oil Co,5 S Colorado Blvd #449,Bothell,Snohomish,WA,98021,$176 ,$27 ,425-986-7573,425-700-3751,http://www.thriftyoilco.com
268,Buddy,Cloney,Larkfield Photo,944 Gaither Dr,Strongsville,Cuyahoga,OH,44136,$80 ,$8 ,440-989-5826,440-327-2093,http://www.larkfieldphoto.com
269,Dalene,Riden,Silverman Planetarium,66552 Malone Rd,Plaistow,Rockingham,NH,3865,$267 ,$23 ,603-315-6839,603-745-7497,http://www.silvermanplanetarium.com
270,Jerry,Zurcher,J & F Lumber,77 Massillon Rd #822,Satellite Beach,Brevard,FL,32937,$228 ,$21 ,321-518-5938,321-597-2159,http://www.jflumber.com
271,Haydee,Denooyer,Cleaning Station Inc,25346 New Rd,New York,New York,NY,10016,$222 ,$25 ,212-792-8658,212-782-3493,http://www.cleaningstationinc.com
272,Joseph,Cryer,Ames Stationers,60 Fillmore Ave,Huntington Beach,Orange,CA,92647,$108 ,$27 ,714-584-2237,714-698-2170,http://www.amesstationers.com
273,Deonna,Kippley,Midas Muffler Shops,57 Haven Ave #90,Southfield,Oakland,MI,48075,$73 ,$12 ,248-913-4677,248-793-4966,http://www.midasmufflershops.com
274,Raymon,Calvaresi,Seaboard Securities Inc,6538 E Pomona St #60,Indianapolis,Marion,IN,46222,$86 ,$6 ,317-825-4724,317-342-1532,http://www.seaboardsecuritiesinc.com
275,Alecia,Bubash,"Petersen, James E Esq",6535 Joyce St,Wichita Falls,Wichita,TX,76301,$188 ,$17 ,940-276-7922,940-302-3036,http://www.petersenjameseesq.com
276,Ma,Layous,Development Authority,78112 Morris Ave,North Haven,New Haven,CT,6473,$199 ,$5 ,203-721-3388,203-564-1543,http://www.developmentauthority.com
277,Detra,Coyier,Schott Fiber Optics Inc,96950 Hidden Ln,Aberdeen,Harford,MD,21001,$45 ,$12 ,410-739-9277,410-259-2118,http://www.schottfiberopticsinc.com
278,Terrilyn,Rodeigues,Stuart J Agins,3718 S Main St,New Orleans,Orleans,LA,70130,$223 ,$20 ,504-463-4384,504-635-8518,http://www.stuartjagins.com
279,Salome,Lacovara,Mitsumi Electronics Corp,9677 Commerce Dr,Richmond,Richmond City,VA,23219,$254 ,$20 ,804-550-5097,804-858-1011,http://www.mitsumielectronicscorp.com
280,Garry,Keetch,Italian Express Franchise Corp,5 Green Pond Rd #4,Southampton,Bucks,PA,18966,$187 ,$24 ,215-979-8776,215-846-9046,http://www.italianexpressfranchisecorp.com
281,Matthew,Neither,American Council On Sci & Hlth,636 Commerce Dr #42,Shakopee,Scott,MN,55379,$96 ,$24 ,952-651-7597,952-906-4597,http://www.americancouncilonscihlth.com
282,Theodora,Restrepo,"Kleri, Patricia S Esq",42744 Hamann Industrial Pky #82,Miami,Miami-Dade,FL,33136,$126 ,$5 ,305-936-8226,305-573-1085,http://www.kleripatriciasesq.com
283,Noah,Kalafatis,Twiggs Abrams Blanchard,1950 5th Ave,Milwaukee,Milwaukee,WI,53209,$180 ,$6 ,414-263-5287,414-660-9766,http://www.twiggsabramsblanchard.com
284,Carmen,Sweigard,Maui Research & Technology Pk,61304 N French Rd,Somerset,Somerset,NJ,8873,$128 ,$12 ,732-941-2621,732-445-6940,http://www.mauiresearchtechnologypk.com
285,Lavonda,Hengel,Bradley Nameplate Corp,87 Imperial Ct #79,Fargo,Cass,ND,58102,$133 ,$21 ,701-898-2154,701-421-7080,http://www.bradleynameplatecorp.com
286,Junita,Stoltzman,Geonex Martel Inc,94 W Dodge Rd,Carson City,Carson City,NV,89701,$47 ,$25 ,775-638-9963,775-578-1214,http://www.geonexmartelinc.com
287,Herminia,Nicolozakes,Sea Island Div Of Fstr Ind Inc,4 58th St #3519,Scottsdale,Maricopa,AZ,85254,$154 ,$26 ,602-954-5141,602-304-6433,http://www.seaislanddivoffstrindinc.com
288,Casie,Good,"Papay, Debbie J Esq",5221 Bear Valley Rd,Nashville,Davidson,TN,37211,$40 ,$24 ,615-390-2251,615-825-4297,http://www.papaydebbiejesq.com
289,Reena,Maisto,Lane Promotions,9648 S Main,Salisbury,Wicomico,MD,21801,$174 ,$19 ,410-351-1863,410-951-2667,http://www.lanepromotions.com
290,Mirta,Mallett,Stephen Kennerly Archts Inc Pc,7 S San Marcos Rd,New York,New York,NY,10004,$295 ,$17 ,212-870-1286,212-745-6948,http://www.stephenkennerlyarchtsincpc.com
291,Cathrine,Pontoriero,Business Systems Of Wis Inc,812 S Haven St,Amarillo,Randall,TX,79109,$130 ,$5 ,806-703-1435,806-558-5848,http://www.businesssystemsofwisinc.com
292,Filiberto,Tawil,"Flash, Elena Salerno Esq",3882 W Congress St #799,Los Angeles,Los Angeles,CA,90016,$125 ,$6 ,323-765-2528,323-842-8226,http://www.flashelenasalernoesq.com
293,Raul,Upthegrove,"Neeley, Gregory W Esq",4 E Colonial Dr,La Mesa,San Diego,CA,91942,$245 ,$7 ,619-509-5282,619-666-4765,http://www.neeleygregorywesq.com
294,Sarah,Candlish,Alabama Educational Tv Comm,45 2nd Ave #9759,Atlanta,Fulton,GA,30328,$263 ,$10 ,770-732-1194,770-531-2842,http://www.alabamaeducationaltvcomm.com
295,Lucy,Treston,Franz Inc,57254 Brickell Ave #372,Worcester,Worcester,MA,1602,$153 ,$28 ,508-769-5250,508-502-5634,http://www.franzinc.com
296,Judy,Aquas,Plantation Restaurant,8977 Connecticut Ave Nw #3,Niles,Berrien,MI,49120,$152 ,$21 ,269-756-7222,269-431-9464,http://www.plantationrestaurant.com
297,Yvonne,Tjepkema,Radio Communications Co,9 Waydell St,Fairfield,Essex,NJ,7004,$109 ,$25 ,973-714-1721,973-976-8627,http://www.radiocommunicationsco.com
298,Kayleigh,Lace,Dentalaw Divsn Hlth Care,43 Huey P Long Ave,Lafayette,Lafayette,LA,70508,$348 ,$11 ,337-740-9323,337-751-2326,http://www.dentalawdivsnhlthcare.com
299,Felix,Hirpara,American Speedy Printing Ctrs,7563 Cornwall Rd #4462,Denver,Lancaster,PA,17517,$240 ,$19 ,717-491-5643,717-583-1497,http://www.americanspeedyprintingctrs.com
300,Tresa,Sweely,"Grayson, Grant S Esq",22 Bridle Ln,Valley Park,Saint Louis,MO,63088,$65 ,$26 ,314-359-9566,314-231-3514,http://www.graysongrantsesq.com
301,Kristeen,Turinetti,Jeanerette Middle School,70099 E North Ave,Arlington,Tarrant,TX,76013,$66 ,$8 ,817-213-8851,817-947-9480,http://www.jeanerettemiddleschool.com
302,Jenelle,Regusters,"Haavisto, Brian F Esq",3211 E Northeast Loop,Tampa,Hillsborough,FL,33619,$251 ,$15 ,813-932-8715,813-357-7296,http://www.haavistobrianfesq.com
303,Renea,Monterrubio,Wmmt Radio Station,26 Montgomery St,Atlanta,Fulton,GA,30328,$318 ,$25 ,770-679-4752,770-930-9967,http://www.wmmtradiostation.com
304,Olive,Matuszak,Colony Paints Sales Ofc & Plnt,13252 Lighthouse Ave,Cathedral City,Riverside,CA,92234,$258 ,$22 ,760-938-6069,760-745-2649,http://www.colonypaintssalesofcplnt.com
305,Ligia,Reiber,Floral Expressions,206 Main St #2804,Lansing,Ingham,MI,48933,$245 ,$28 ,517-906-1108,517-747-7664,http://www.floralexpressions.com
306,Christiane,Eschberger,Casco Services Inc,96541 W Central Blvd,Phoenix,Maricopa,AZ,85034,$255 ,$9 ,602-390-4944,602-330-6894,http://www.cascoservicesinc.com
307,Goldie,Schirpke,"Reuter, Arthur C Jr",34 Saint George Ave #2,Bangor,Penobscot,ME,4401,$281 ,$27 ,207-295-7569,207-748-3722,http://www.reuterarthurcjr.com
308,Loreta,Timenez,"Kaminski, Katherine Andritsaki",47857 Coney Island Ave,Clinton,Prince Georges,MD,20735,$307 ,$27 ,301-696-6420,301-392-6698,http://www.kaminskikatherineandritsaki.com
309,Fabiola,Hauenstein,Sidewinder Products Corp,8573 Lincoln Blvd,York,York,PA,17404,$46 ,$6 ,717-809-3119,717-344-2804,http://www.sidewinderproductscorp.com
310,Amie,Perigo,General Foam Corporation,596 Santa Maria Ave #7913,Mesquite,Dallas,TX,75150,$259 ,$25 ,972-419-7946,972-898-1033,http://www.generalfoamcorporation.com
311,Raina,Brachle,Ikg Borden Divsn Harsco Corp,3829 Ventura Blvd,Butte,Silver Bow,MT,59701,$113 ,$7 ,406-318-1515,406-374-7752,http://www.ikgbordendivsnharscocorp.com
312,Erinn,Canlas,Anchor Computer Inc,13 S Hacienda Dr,Livingston,Essex,NJ,7039,$321 ,$25 ,973-767-3008,973-563-9502,http://www.anchorcomputerinc.com
313,Cherry,Lietz,Sebring & Co,40 9th Ave Sw #91,Waterford,Oakland,MI,48329,$66 ,$7 ,248-980-6904,248-697-7722,http://www.sebringco.com
314,Kattie,Vonasek,H A C Farm Lines Co Optv Assoc,2845 Boulder Crescent St,Cleveland,Cuyahoga,OH,44103,$252 ,$13 ,216-923-3715,216-270-9653,http://www.hacfarmlinescooptvassoc.com
315,Lilli,Scriven,"Hunter, John J Esq",33 State St,Abilene,Taylor,TX,79601,$44 ,$7 ,325-631-1560,325-667-7868,http://www.hunterjohnjesq.com
316,Whitley,Tomasulo,Freehold Fence Co,2 S 15th St,Fort Worth,Tarrant,TX,76107,$302 ,$24 ,817-526-4408,817-819-7799,http://www.freeholdfenceco.com
317,Barbra,Adkin,Binswanger,4 Kohler Memorial Dr,Brooklyn,Kings,NY,11230,$304 ,$24 ,718-201-3751,718-732-9475,http://www.binswanger.com
318,Hermila,Thyberg,Chilton Malting Co,1 Rancho Del Mar Shopping C,Providence,Providence,RI,2903,$161 ,$5 ,401-893-4882,401-885-7681,http://www.chiltonmaltingco.com
319,Jesusita,Flister,"Schoen, Edward J Jr",3943 N Highland Ave,Lancaster,Lancaster,PA,17601,$255 ,$6 ,717-885-9118,717-686-7564,http://www.schoenedwardjjr.com
320,Caitlin,Julia,"Helderman, Seymour Cpa",5 Williams St,Johnston,Providence,RI,2919,$110 ,$26 ,401-948-4982,401-552-9059,http://www.heldermanseymourcpa.com
321,Roosevelt,Hoffis,"Denbrook, Myron",60 Old Dover Rd,Hialeah,Miami-Dade,FL,33014,$109 ,$10 ,305-622-4739,305-302-1135,http://www.denbrookmyron.com
322,Helaine,Halter,"Lippitt, Mike",8 Sheridan Rd,Jersey City,Hudson,NJ,7304,$193 ,$15 ,201-832-4168,201-412-3040,http://www.lippittmike.com
323,Lorean,Martabano,"Hiram, Hogg P Esq",85092 Southern Blvd,San Antonio,Bexar,TX,78204,$213 ,$5 ,210-856-4979,210-634-2447,http://www.hiramhoggpesq.com
324,France,Buzick,In Travel Agency,64 Newman Springs Rd E,Brooklyn,Kings,NY,11219,$290 ,$16 ,718-478-8504,718-853-3740,http://www.intravelagency.com
325,Justine,Ferrario,Newhart Foods Inc,48 Stratford Ave,Pomona,Los Angeles,CA,91768,$197 ,$22 ,909-993-3242,909-631-5703,http://www.newhartfoodsinc.com
326,Adelina,Nabours,Courtyard By Marriott,80 Pittsford Victor Rd #9,Cleveland,Cuyahoga,OH,44103,$34 ,$24 ,216-230-4892,216-937-5320,http://www.courtyardbymarriott.com
327,Derick,Dhamer,"Studer, Eugene A Esq",87163 N Main Ave,New York,New York,NY,10013,$89 ,$10 ,212-304-4515,212-225-9676,http://www.studereugeneaesq.com
328,Jerry,Dallen,Seashore Supply Co Waretown,393 Lafayette Ave,Richmond,Richmond City,VA,23219,$249 ,$11 ,804-762-9576,804-808-9574,http://www.seashoresupplycowaretown.com
329,Leota,Ragel,Mayar Silk Inc,99 5th Ave #33,Trion,Chattooga,GA,30753,$305 ,$15 ,706-221-4243,706-616-5131,http://www.mayarsilkinc.com
330,Jutta,Amyot,National Medical Excess Corp,49 N Mays St,Broussard,Lafayette,LA,70518,$59 ,$25 ,337-515-1438,337-991-8070,http://www.nationalmedicalexcesscorp.com
331,Aja,Gehrett,Stero Company,993 Washington Ave,Nutley,Essex,NJ,7110,$348 ,$6 ,973-544-2677,973-986-4456,http://www.sterocompany.com
332,Kirk,Herritt,"Hasting, H Duane Esq",88 15th Ave Ne,Vestal,Broome,NY,13850,$166 ,$11 ,607-407-3716,607-350-7690,http://www.hastinghduaneesq.com
333,Leonora,Mauson,Insty Prints,3381 E 40th Ave,Passaic,Passaic,NJ,7055,$137 ,$5 ,973-412-2995,973-355-2120,http://www.instyprints.com
334,Winfred,Brucato,Glenridge Manor Mobile Home Pk,201 Ridgewood Rd,Moscow,Latah,ID,83843,$57 ,$6 ,208-252-4552,208-793-4108,http://www.glenridgemanormobilehomepk.com
335,Tarra,Nachor,Circuit Solution Inc,39 Moccasin Dr,San Francisco,San Francisco,CA,94104,$92 ,$6 ,415-411-1775,415-284-2730,http://www.circuitsolutioninc.com
336,Corinne,Loder,Local Office,4 Carroll St,North Attleboro,Bristol,MA,2760,$335 ,$10 ,508-942-4186,508-618-7826,http://www.localoffice.com
337,Dulce,Labreche,Lee Kilkelly Paulson & Kabaker,9581 E Arapahoe Rd,Rochester,Oakland,MI,48307,$121 ,$15 ,248-357-8718,248-811-5696,http://www.leekilkellypaulsonkabaker.com
338,Kate,Keneipp,"Davis, Maxon R Esq",33 N Michigan Ave,Green Bay,Brown,WI,54301,$348 ,$24 ,920-353-6377,920-355-1610,http://www.davismaxonresq.com
339,Kaitlyn,Ogg,"Garrison, Paul E Esq",2 S Biscayne Blvd,Baltimore,Baltimore City,MD,21230,$81 ,$17 ,410-665-4903,410-773-3862,http://www.garrisonpauleesq.com
340,Sherita,Saras,Black History Resource Center,8 Us Highway 22,Colorado Springs,El Paso,CO,80937,$161 ,$11 ,719-669-1664,719-547-9543,http://www.blackhistoryresourcecenter.com
341,Lashawnda,Stuer,"Rodriguez, J Christopher Esq",7422 Martin Ave #8,Toledo,Lucas,OH,43607,$303 ,$25 ,419-588-8719,419-399-1744,http://www.rodriguezjchristopheresq.com
342,Ernest,Syrop,Grant Family Health Center,94 Chase Rd,Hyattsville,Prince Georges,MD,20785,$99 ,$16 ,301-998-9644,301-257-4883,http://www.grantfamilyhealthcenter.com
343,Nobuko,Halsey,Goeman Wood Products Inc,8139 I Hwy 10 #92,New Bedford,Bristol,MA,2745,$200 ,$23 ,508-855-9887,508-897-7916,http://www.goemanwoodproductsinc.com
344,Lavonna,Wolny,"Linhares, Kenneth A Esq",5 Cabot Rd,Mc Lean,Fairfax,VA,22102,$227 ,$25 ,703-483-1970,703-892-2914,http://www.linhareskennethaesq.com
345,Lashaunda,Lizama,Earnhardt Printing,3387 Ryan Dr,Hanover,Anne Arundel,MD,21076,$55 ,$16 ,410-678-2473,410-912-6032,http://www.earnhardtprinting.com
346,Mariann,Bilden,H P G Industrys Inc,3125 Packer Ave #9851,Austin,Travis,TX,78753,$326 ,$27 ,512-223-4791,512-742-1149,http://www.hpgindustrysinc.com
347,Helene,Rodenberger,Bailey Transportation Prod Inc,347 Chestnut St,Peoria,Maricopa,AZ,85381,$322 ,$9 ,623-461-8551,623-426-4907,http://www.baileytransportationprodinc.com
348,Roselle,Estell,Mcglynn Bliss Pc,8116 Mount Vernon Ave,Bucyrus,Crawford,OH,44820,$117 ,$5 ,419-571-5920,419-488-6648,http://www.mcglynnblisspc.com
349,Samira,Heintzman,Mutual Fish Co,8772 Old County Rd #5410,Kent,King,WA,98032,$181 ,$28 ,206-311-4137,206-923-6042,http://www.mutualfishco.com
350,Margart,Meisel,"Yeates, Arthur L Aia",868 State St #38,Cincinnati,Hamilton,OH,45251,$176 ,$12 ,513-617-2362,513-747-9603,http://www.yeatesarthurlaia.com
351,Kristofer,Bennick,"Logan, Ronald J Esq",772 W River Dr,Bloomington,Monroe,IN,47404,$91 ,$22 ,812-368-1511,812-442-8544,http://www.loganronaldjesq.com
352,Weldon,Acuff,Advantage Martgage Company,73 W Barstow Ave,Arlington Heights,Cook,IL,60004,$205 ,$6 ,847-353-2156,847-613-5866,http://www.advantagemartgagecompany.com
353,Shalon,Shadrick,Germer And Gertz Llp,61047 Mayfield Ave,Brooklyn,Kings,NY,11223,$320 ,$20 ,718-232-2337,718-394-4974,http://www.germerandgertzllp.com
354,Denise,Patak,Spence Law Offices,2139 Santa Rosa Ave,Orlando,Orange,FL,32801,$99 ,$6 ,407-446-4358,407-808-3254,http://www.spencelawoffices.com
355,Louvenia,Beech,John Ortiz Nts Therapy Center,598 43rd St,Beverly Hills,Los Angeles,CA,90210,$248 ,$24 ,310-820-2117,310-652-2379,http://www.johnortizntstherapycenter.com
356,Audry,Yaw,Mike Uchrin Htg & Air Cond Inc,70295 Pioneer Ct,Brandon,Hillsborough,FL,33511,$64 ,$6 ,813-797-4816,813-744-7100,http://www.mikeuchrinhtgaircondinc.com
357,Kristel,Ehmann,"Mccoy, Joy Reynolds Esq",92899 Kalakaua Ave,El Paso,El Paso,TX,79925,$167 ,$12 ,915-452-1290,915-300-6100,http://www.mccoyjoyreynoldsesq.com
358,Vincenza,Zepp,Kbor 1600 Am,395 S 6th St #2,El Cajon,San Diego,CA,92020,$48 ,$27 ,619-603-5125,619-935-6661,http://www.kboram.com
359,Elouise,Gwalthney,Quality Inn Northwest,9506 Edgemore Ave,Bladensburg,Prince Georges,MD,20710,$64 ,$18 ,301-841-5012,301-591-3034,http://www.qualityinnnorthwest.com
360,Venita,Maillard,Wallace Church Assoc Inc,72119 S Walker Ave #63,Anaheim,Orange,CA,92801,$183 ,$22 ,714-523-6653,714-663-9740,http://www.wallacechurchassocinc.com
361,Kasandra,Semidey,Can Tron,369 Latham St #500,Saint Louis,Saint Louis City,MO,63102,$342 ,$5 ,314-732-9131,314-697-3652,http://www.cantron.com
362,Xochitl,Discipio,Ravaal Enterprises Inc,3158 Runamuck Pl,Round Rock,Williamson,TX,78664,$317 ,$19 ,512-233-1831,512-942-3411,http://www.ravaalenterprisesinc.com
363,Maile,Linahan,Thompson Steel Company Inc,9 Plainsboro Rd #598,Greensboro,Guilford,NC,27409,$27 ,$14 ,336-670-2640,336-364-6037,http://www.thompsonsteelcompanyinc.com
364,Krissy,Rauser,"Anderson, Mark A Esq",8728 S Broad St,Coram,Suffolk,NY,11727,$266 ,$20 ,631-443-4710,631-288-2866,http://www.andersonmarkaesq.com
365,Pete,Dubaldi,Womack & Galich,2215 Prosperity Dr,Lyndhurst,Bergen,NJ,7071,$181 ,$11 ,201-825-2514,201-749-8866,http://www.womackgalich.com
366,Linn,Paa,Valerie & Company,1 S Pine St,Memphis,Shelby,TN,38112,$296 ,$8 ,901-412-4381,901-573-9024,http://www.valeriecompany.com
367,Paris,Wide,Gehring Pumps Inc,187 Market St,Atlanta,Fulton,GA,30342,$269 ,$7 ,404-505-4445,404-607-8435,http://www.gehringpumpsinc.com
368,Wynell,Dorshorst,"Haehnel, Craig W Esq",94290 S Buchanan St,Pacifica,San Mateo,CA,94044,$89 ,$15 ,650-473-1262,650-749-9879,http://www.haehnelcraigwesq.com
369,Quentin,Birkner,Spoor Behrins Campbell & Young,7061 N 2nd St,Burnsville,Dakota,MN,55337,$117 ,$10 ,952-702-7993,952-314-5871,http://www.spoorbehrinscampbellyoung.com
370,Regenia,Kannady,Ken Jeter Store Equipment Inc,10759 Main St,Scottsdale,Maricopa,AZ,85260,$348 ,$19 ,480-726-1280,480-205-5121,http://www.kenjeterstoreequipmentinc.com
371,Sheron,Louissant,"Potter, Brenda J Cpa",97 E 3rd St #9,Long Island City,Queens,NY,11101,$194 ,$22 ,718-976-8610,718-613-9994,http://www.potterbrendajcpa.com
372,Izetta,Funnell,Baird Kurtz & Dobson,82 Winsor St #54,Atlanta,Dekalb,GA,30340,$243 ,$23 ,770-844-3447,770-584-4119,http://www.bairdkurtzdobson.com
373,Rodolfo,Butzen,"Minor, Cynthia A Esq",41 Steel Ct,Northfield,Rice,MN,55057,$109 ,$21 ,507-210-3510,507-590-5237,http://www.minorcynthiaaesq.com
374,Zona,Colla,"Solove, Robert A Esq",49440 Dearborn St,Norwalk,Fairfield,CT,6854,$58 ,$23 ,203-461-1949,203-938-2557,http://www.soloverobertaesq.com
375,Serina,Zagen,Mark Ii Imports Inc,7 S Beverly Dr,Fort Wayne,Allen,IN,46802,$67 ,$25 ,260-273-3725,260-382-4869,http://www.markiiimportsinc.com
376,Paz,Sahagun,White Sign Div Ctrl Equip Co,919 Wall Blvd,Meridian,Lauderdale,MS,39307,$328 ,$5 ,601-927-8287,601-249-4511,http://www.whitesigndivctrlequipco.com
377,Markus,Lukasik,M & M Store Fixtures Co Inc,89 20th St E #779,Sterling Heights,Macomb,MI,48310,$199 ,$28 ,586-970-7380,586-247-1614,http://www.mmstorefixturescoinc.com
378,Jaclyn,Bachman,Judah Caster & Wheel Co,721 Interstate 45 S,Colorado Springs,El Paso,CO,80919,$345 ,$12 ,719-853-3600,719-223-2074,http://www.judahcasterwheelco.com
379,Cyril,Daufeldt,Galaxy International Inc,3 Lawton St,New York,New York,NY,10013,$222 ,$28 ,212-745-8484,212-422-5427,http://www.galaxyinternationalinc.com
380,Gayla,Schnitzler,Sigma Corp Of America,38 Pleasant Hill Rd,Hayward,Alameda,CA,94545,$83 ,$10 ,510-686-3407,510-441-4055,http://www.sigmacorpofamerica.com
381,Erick,Nievas,"Soward, Anne Esq",45 E Acacia Ct,Chicago,Cook,IL,60624,$153 ,$8 ,773-704-9903,773-359-6109,http://www.sowardanneesq.com
382,Jennie,Drymon,"Osborne, Michelle M Esq",63728 Poway Rd #1,Scranton,Lackawanna,PA,18509,$44 ,$14 ,570-218-4831,570-868-8688,http://www.osbornemichellemesq.com
383,Mitsue,Scipione,Students In Free Entrprs Natl,77 222 Dr,Oroville,Butte,CA,95965,$47 ,$5 ,530-986-9272,530-399-3254,http://www.studentsinfreeentrprsnatl.com
384,Ciara,Ventura,"Johnson, Robert M Esq",53 W Carey St,Port Jervis,Orange,NY,12771,$331 ,$22 ,845-823-8877,845-694-7919,http://www.johnsonrobertmesq.com
385,Galen,Cantres,Del Charro Apartments,617 Nw 36th Ave,Brook Park,Cuyahoga,OH,44142,$206 ,$26 ,216-600-6111,216-871-6876,http://www.delcharroapartments.com
386,Truman,Feichtner,Legal Search Inc,539 Coldwater Canyon Ave,Bloomfield,Essex,NJ,7003,$116 ,$21 ,973-852-2736,973-473-5108,http://www.legalsearchinc.com
387,Gail,Kitty,Service Supply Co Inc,735 Crawford Dr,Anchorage,Anchorage,AK,99501,$203 ,$7 ,907-435-9166,907-770-3542,http://www.servicesupplycoinc.com
388,Dalene,Schoeneck,"Sameshima, Douglas J Esq",910 Rahway Ave,Philadelphia,Philadelphia,PA,19102,$167 ,$10 ,215-268-1275,215-380-8820,http://www.sameshimadouglasjesq.com
389,Gertude,Witten,"Thompson, John Randolph Jr",7 Tarrytown Rd,Cincinnati,Hamilton,OH,45217,$52 ,$18 ,513-977-7043,513-863-9471,http://www.thompsonjohnrandolphjr.com
390,Lizbeth,Kohl,E T Balancing Co Inc,35433 Blake St #588,Gardena,Los Angeles,CA,90248,$111 ,$16 ,310-699-1222,310-955-5788,http://www.etbalancingcoinc.com
391,Glenn,Berray,"Griswold, John E Esq",29 Cherry St #7073,Des Moines,Polk,IA,50315,$45 ,$23 ,515-370-7348,515-372-1738,http://www.griswoldjohneesq.com
392,Lashandra,Klang,Acqua Group,810 N La Brea Ave,King of Prussia,Montgomery,PA,19406,$159 ,$10 ,610-809-1818,610-378-7332,http://www.acquagroup.com
393,Lenna,Newville,"Brooks, Morris J Jr",987 Main St,Raleigh,Wake,NC,27601,$279 ,$6 ,919-623-2524,919-254-5987,http://www.brooksmorrisjjr.com
394,Laurel,Pagliuca,Printing Images Corp,36 Enterprise St Se,Richland,Benton,WA,99352,$343 ,$26 ,509-695-5199,509-595-6485,http://www.printingimagescorp.com
395,Mireya,Frerking,Roberts Supply Co Inc,8429 Miller Rd,Pelham,Westchester,NY,10803,$151 ,$25 ,914-868-5965,914-883-3061,http://www.robertssupplycoinc.com
396,Annelle,Tagala,Vico Products Mfg Co,5 W 7th St,Parkville,Baltimore,MD,21234,$153 ,$23 ,410-757-1035,410-234-2267,http://www.vicoproductsmfgco.com
397,Dean,Ketelsen,J M Custom Design Millwork,2 Flynn Rd,Hicksville,Nassau,NY,11801,$279 ,$12 ,516-847-4418,516-732-6649,http://www.jmcustomdesignmillwork.com
398,Levi,Munis,Farrell & Johnson Office Equip,2094 Ne 36th Ave,Worcester,Worcester,MA,1603,$333 ,$10 ,508-456-4907,508-658-7802,http://www.farrelljohnsonofficeequip.com
399,Sylvie,Ryser,Millers Market & Deli,649 Tulane Ave,Tulsa,Tulsa,OK,74105,$246 ,$19 ,918-644-9555,918-565-1706,http://www.millersmarketdeli.com
400,Sharee,Maile,Holiday Inn Naperville,2094 Montour Blvd,Muskegon,Muskegon,MI,49442,$99 ,$6 ,231-467-9978,231-265-6940,http://www.holidayinnnaperville.com
401,Cordelia,Storment,"Burrows, Jon H Esq",393 Hammond Dr,Lafayette,Lafayette,LA,70506,$202 ,$11 ,337-566-6001,337-255-3427,http://www.burrowsjonhesq.com
402,Mollie,Mcdoniel,Dock Seal Specialty,8590 Lake Lizzie Dr,Bowling Green,Wood,OH,43402,$80 ,$16 ,419-975-3182,419-417-4674,http://www.docksealspecialty.com
403,Brett,Mccullan,Five Star Limousines Of Tx Inc,87895 Concord Rd,La Mesa,San Diego,CA,91942,$325 ,$25 ,619-461-9984,619-727-3892,http://www.fivestarlimousinesoftxinc.com
404,Teddy,Pedrozo,"Barkan, Neal J Esq",46314 Route 130,Bridgeport,Fairfield,CT,6610,$41 ,$20 ,203-892-3863,203-918-3939,http://www.barkannealjesq.com
405,Tasia,Andreason,"Campbell, Robert A",4 Cowesett Ave,Kearny,Hudson,NJ,7032,$104 ,$28 ,201-920-9002,201-969-7063,http://www.campbellroberta.com
406,Hubert,Walthall,"Dee, Deanna",95 Main Ave #2,Barberton,Summit,OH,44203,$105 ,$12 ,330-903-1345,330-566-8898,http://www.deedeanna.com
407,Arthur,Farrow,"Young, Timothy L Esq",28 S 7th St #2824,Englewood,Bergen,NJ,7631,$141 ,$12 ,201-238-5688,201-772-4377,http://www.youngtimothylesq.com
408,Vilma,Berlanga,"Wells, D Fred Esq",79 S Howell Ave,Grand Rapids,Kent,MI,49546,$71 ,$12 ,616-737-3085,616-568-4113,http://www.wellsdfredesq.com
409,Billye,Miro,"Gray, Francine H Esq",36 Lancaster Dr Se,Pearl,Rankin,MS,39208,$31 ,$21 ,601-567-5386,601-637-5479,http://www.grayfrancinehesq.com
410,Glenna,Slayton,Toledo Iv Care,2759 Livingston Ave,Memphis,Shelby,TN,38118,$139 ,$28 ,901-640-9178,901-869-4314,http://www.toledoivcare.com
411,Mitzie,Hudnall,Cangro Transmission Co,17 Jersey Ave,Englewood,Arapahoe,CO,80110,$49 ,$21 ,303-402-1940,303-997-7760,http://www.cangrotransmissionco.com
412,Bernardine,Rodefer,Sat Poly Inc,2 W Grand Ave,Memphis,Shelby,TN,38112,$208 ,$25 ,901-901-4726,901-739-5892,http://www.satpolyinc.com
413,Staci,Schmaltz,Midwest Contracting & Mfg Inc,18 Coronado Ave #563,Pasadena,Los Angeles,CA,91106,$51 ,$11 ,626-866-2339,626-293-7678,http://www.midwestcontractingmfginc.com
414,Nichelle,Meteer,Print Doctor,72 Beechwood Ter,Chicago,Cook,IL,60657,$144 ,$22 ,773-225-9985,773-857-2231,http://www.printdoctor.com
415,Janine,Rhoden,Nordic Group Inc,92 Broadway,Astoria,Queens,NY,11103,$335 ,$13 ,718-228-5894,718-728-5051,http://www.nordicgroupinc.com
416,Ettie,Hoopengardner,Jackson Millwork Co,39 Franklin Ave,Richland,Benton,WA,99352,$297 ,$10 ,509-755-5393,509-847-3352,http://www.jacksonmillworkco.com
417,Eden,Jayson,Harris Corporation,4 Iwaena St,Baltimore,Baltimore City,MD,21202,$348 ,$14 ,410-890-7866,410-429-4888,http://www.harriscorporation.com
418,Lynelle,Auber,United Cerebral Palsy Of Ne Pa,32820 Corkwood Rd,Newark,Essex,NJ,7104,$40 ,$15 ,973-860-8610,973-605-6492,http://www.unitedcerebralpalsyofnepa.com
419,Merissa,Tomblin,One Day Surgery Center Inc,34 Raritan Center Pky,Bellflower,Los Angeles,CA,90706,$93 ,$22 ,562-579-6900,562-719-7922,http://www.onedaysurgerycenterinc.com
420,Golda,Kaniecki,Calaveras Prospect,6201 S Nevada Ave,Toms River,Ocean,NJ,8755,$38 ,$17 ,732-628-9909,732-617-5310,http://www.calaverasprospect.com
421,Catarina,Gleich,"Terk, Robert E Esq",78 Maryland Dr #146,Denville,Morris,NJ,7834,$128 ,$27 ,973-210-3994,973-491-8723,http://www.terkroberteesq.com
422,Virgie,Kiel,"Cullen, Terrence P Esq",76598 Rd  I 95 #1,Denver,Denver,CO,80216,$308 ,$9 ,303-776-7548,303-845-5408,http://www.cullenterrencepesq.com
423,Jolene,Ostolaza,Central Die Casting Mfg Co Inc,1610 14th St Nw,Newport News,Newport News City,VA,23608,$124 ,$25 ,757-682-7116,757-940-1741,http://www.centraldiecastingmfgcoinc.com
424,Keneth,Borgman,Centerline Engineering,86350 Roszel Rd,Phoenix,Maricopa,AZ,85012,$276 ,$13 ,602-919-4211,602-442-3092,http://www.centerlineengineering.com
425,Rikki,Nayar,Targan & Kievit Pa,1644 Clove Rd,Miami,Miami-Dade,FL,33155,$158 ,$22 ,305-968-9487,305-978-2069,http://www.targankievitpa.com
426,Elke,Sengbusch,Riley Riper Hollin & Colagreco,9 W Central Ave,Phoenix,Maricopa,AZ,85013,$88 ,$22 ,602-896-2993,602-575-3457,http://www.rileyriperhollincolagreco.com
427,Hoa,Sarao,"Kaplan, Joel S Esq",27846 Lafayette Ave,Oak Hill,Volusia,FL,32759,$169 ,$8 ,386-526-7800,386-599-7296,http://www.kaplanjoelsesq.com
428,Trinidad,Mcrae,Water Office,10276 Brooks St,San Francisco,San Francisco,CA,94105,$269 ,$10 ,415-331-9634,415-419-1597,http://www.wateroffice.com
429,Mari,Lueckenbach,"Westbrooks, Nelson E Jr",1 Century Park E,San Diego,San Diego,CA,92110,$312 ,$12 ,858-793-9684,858-228-5683,http://www.westbrooksnelsonejr.com
430,Selma,Husser,Armon Communications,9 State Highway 57 #22,Jersey City,Hudson,NJ,7306,$90 ,$20 ,201-991-8369,201-772-7699,http://www.armoncommunications.com
431,Antione,Onofrio,Jacobs & Gerber Inc,4 S Washington Ave,San Bernardino,San Bernardino,CA,92410,$63 ,$23 ,909-430-7765,909-665-3223,http://www.jacobsgerberinc.com
432,Luisa,Jurney,Forest Fire Laboratory,25 Se 176th Pl,Cambridge,Middlesex,MA,2138,$130 ,$16 ,617-365-2134,617-544-2541,http://www.forestfirelaboratory.com
433,Clorinda,Heimann,"Haughey, Charles Jr",105 Richmond Valley Rd,Escondido,San Diego,CA,92025,$28 ,$22 ,760-291-5497,760-261-4786,http://www.haugheycharlesjr.com
434,Dick,Wenzinger,Wheaton Plastic Products,22 Spruce St #595,Gardena,Los Angeles,CA,90248,$42 ,$20 ,310-510-9713,310-936-2258,http://www.wheatonplasticproducts.com
435,Ahmed,Angalich,Reese Plastics,2 W Beverly Blvd,Harrisburg,Dauphin,PA,17110,$25 ,$13 ,717-528-8996,717-632-5831,http://www.reeseplastics.com
436,Iluminada,Ohms,Nazette Marner Good Wendt,72 Southern Blvd,Mesa,Maricopa,AZ,85204,$227 ,$10 ,480-293-2882,480-866-6544,http://www.nazettemarnergoodwendt.com
437,Joanna,Leinenbach,Levinson Axelrod Wheaton,1 Washington St,Lake Worth,Palm Beach,FL,33461,$260 ,$12 ,561-470-4574,561-951-9734,http://www.levinsonaxelrodwheaton.com
438,Caprice,Suell,"Egnor, W Dan Esq",90177 N 55th Ave,Nashville,Davidson,TN,37211,$257 ,$19 ,615-246-1824,615-726-4537,http://www.egnorwdanesq.com
439,Stephane,Myricks,Portland Central Thriftlodge,9 Tower Ave,Burlington,Boone,KY,41005,$178 ,$23 ,859-717-7638,859-308-4286,http://www.portlandcentralthriftlodge.com
440,Quentin,Swayze,Ulbrich Trucking,278 Bayview Ave,Milan,Monroe,MI,48160,$207 ,$15 ,734-561-6170,734-851-8571,http://www.ulbrichtrucking.com
441,Annmarie,Castros,Tipiak Inc,80312 W 32nd St,Conroe,Montgomery,TX,77301,$229 ,$14 ,936-751-7961,936-937-2334,http://www.tipiakinc.com
442,Shonda,Greenbush,Saint George Well Drilling,82 Us Highway 46,Clifton,Passaic,NJ,7011,$132 ,$16 ,973-482-2430,973-644-2974,http://www.saintgeorgewelldrilling.com
443,Cecil,Lapage,"Hawkes, Douglas D",4 Stovall St #72,Union City,Hudson,NJ,7087,$258 ,$12 ,201-693-3967,201-856-2720,http://www.hawkesdouglasd.com
444,Jeanice,Claucherty,Accurel Systems Intrntl Corp,19 Amboy Ave,Miami,Miami-Dade,FL,33142,$183 ,$10 ,305-988-4162,305-306-7834,http://www.accurelsystemsintrntlcorp.com
445,Josphine,Villanueva,Santa Cruz Community Internet,63 Smith Ln #8343,Moss,Clay,TN,38575,$207 ,$10 ,931-553-9774,931-486-6946,http://www.santacruzcommunityinternet.com
446,Daniel,Perruzza,Gersh & Danielson,11360 S Halsted St,Santa Ana,Orange,CA,92705,$45 ,$22 ,714-771-3880,714-531-1391,http://www.gershdanielson.com
447,Cassi,Wildfong,"Cobb, James O Esq",26849 Jefferson Hwy,Rolling Meadows,Cook,IL,60008,$45 ,$17 ,847-633-3216,847-755-9041,http://www.cobbjamesoesq.com
448,Britt,Galam,Wheatley Trucking Company,2500 Pringle Rd Se #508,Hatfield,Montgomery,PA,19440,$169 ,$17 ,215-888-3304,215-351-8523,http://www.wheatleytruckingcompany.com
449,Adell,Lipkin,Systems Graph Inc Ab Dick Dlr,65 Mountain View Dr,Whippany,Morris,NJ,7981,$339 ,$15 ,973-654-1561,973-662-8988,http://www.systemsgraphincabdickdlr.com
450,Jacqueline,Rowling,John Hancock Mutl Life Ins Co,1 N San Saba,Erie,Erie,PA,16501,$338 ,$25 ,814-865-8113,814-481-1700,http://www.johnhancockmutllifeinsco.com
451,Lonny,Weglarz,History Division Of State,51120 State Route 18,Salt Lake City,Salt Lake,UT,84115,$162 ,$16 ,801-293-9853,801-892-8781,http://www.historydivisionofstate.com
452,Lonna,Diestel,"Dimmock, Thomas J Esq",1482 College Ave,Fayetteville,Cumberland,NC,28301,$213 ,$28 ,910-922-3672,910-200-7912,http://www.dimmockthomasjesq.com
453,Cristal,Samara,Intermed Inc,4119 Metropolitan Dr,Los Angeles,Los Angeles,CA,90021,$207 ,$23 ,213-975-8026,213-696-8004,http://www.intermedinc.com
454,Kenneth,Grenet,Bank Of New York,2167 Sierra Rd,East Lansing,Ingham,MI,48823,$321 ,$17 ,517-499-2322,517-867-8077,http://www.bankofnewyork.com
455,Elli,Mclaird,Sportmaster Intrnatl,6 Sunrise Ave,Utica,Oneida,NY,13501,$314 ,$20 ,315-818-2638,315-474-5570,http://www.sportmasterintrnatl.com
456,Alline,Jeanty,W W John Holden Inc,55713 Lake City Hwy,South Bend,St Joseph,IN,46601,$99 ,$23 ,574-656-2800,574-405-1983,http://www.wwjohnholdeninc.com
457,Sharika,Eanes,Maccani & Delp,75698 N Fiesta Blvd,Orlando,Orange,FL,32806,$214 ,$16 ,407-312-1691,407-472-1332,http://www.maccanidelp.com
458,Nu,Mcnease,Amazonia Film Project,88 Sw 28th Ter,Harrison,Hudson,NJ,7029,$350 ,$24 ,973-751-9003,973-903-4175,http://www.amazoniafilmproject.com
459,Daniela,Comnick,Water & Sewer Department,7 Flowers Rd #403,Trenton,Mercer,NJ,8611,$330 ,$9 ,609-200-8577,609-398-2805,http://www.watersewerdepartment.com
460,Cecilia,Colaizzo,Switchcraft Inc,4 Nw 12th St #3849,Madison,Dane,WI,53717,$281 ,$8 ,608-382-4541,608-302-3387,http://www.switchcraftinc.com
461,Leslie,Threets,C W D C Metal Fabricators,2 A Kelley Dr,Katonah,Westchester,NY,10536,$31 ,$6 ,914-861-9748,914-396-2615,http://www.cwdcmetalfabricators.com
462,Nan,Koppinger,"Shimotani, Grace T",88827 Frankford Ave,Greensboro,Guilford,NC,27401,$67 ,$9 ,336-370-5333,336-564-1492,http://www.shimotanigracet.com
463,Izetta,Dewar,"Lisatoni, Jean Esq",2 W Scyene Rd #3,Baltimore,Baltimore City,MD,21217,$92 ,$27 ,410-473-1708,410-522-7621,http://www.lisatonijeanesq.com
464,Tegan,Arceo,Ceramic Tile Sales Inc,62260 Park Stre,Monroe Township,Middlesex,NJ,8831,$318 ,$12 ,732-730-2692,732-705-6719,http://www.ceramictilesalesinc.com
465,Ruthann,Keener,Maiden Craft Inc,3424 29th St Se,Kerrville,Kerr,TX,78028,$263 ,$8 ,830-258-2769,830-919-5991,http://www.maidencraftinc.com
466,Joni,Breland,Carriage House Cllsn Rpr Inc,35 E Main St #43,Elk Grove Village,Cook,IL,60007,$126 ,$18 ,847-519-5906,847-740-5304,http://www.carriagehousecllsnrprinc.com
467,Vi,Rentfro,Video Workshop,7163 W Clark Rd,Freehold,Monmouth,NJ,7728,$317 ,$22 ,732-605-4781,732-724-7251,http://www.videoworkshop.com
468,Colette,Kardas,Fresno Tile Center Inc,21575 S Apple Creek Rd,Omaha,Douglas,NE,68124,$124 ,$28 ,402-896-5943,402-707-1602,http://www.fresnotilecenterinc.com
469,Malcolm,Tromblay,Versatile Sash & Woodwork,747 Leonis Blvd,Annandale,Fairfax,VA,22003,$36 ,$16 ,703-221-5602,703-874-4248,http://www.versatilesashwoodwork.com
470,Ryan,Harnos,Warner Electric Brk & Cltch Co,13 Gunnison St,Plano,Collin,TX,75075,$135 ,$8 ,972-558-1665,972-961-4968,http://www.warnerelectricbrkcltchco.com
471,Jess,Chaffins,New York Public Library,18 3rd Ave,New York,New York,NY,10016,$346 ,$17 ,212-510-4633,212-428-9538,http://www.newyorkpubliclibrary.com
472,Sharen,Bourbon,"Mccaleb, John A Esq",62 W Austin St,Syosset,Nassau,NY,11791,$29 ,$22 ,516-816-1541,516-749-3188,http://www.mccalebjohnaesq.com
473,Nickolas,Juvera,United Oil Co Inc,177 S Rider Trl #52,Crystal River,Citrus,FL,34429,$255 ,$15 ,352-598-8301,352-947-6152,http://www.unitedoilcoinc.com
474,Gary,Nunlee,Irving Foot Center,2 W Mount Royal Ave,Fortville,Hancock,IN,46040,$227 ,$25 ,317-542-6023,317-887-8486,http://www.irvingfootcenter.com
475,Diane,Devreese,Acme Supply Co,1953 Telegraph Rd,Saint Joseph,Buchanan,MO,64504,$294 ,$13 ,816-557-9673,816-329-5565,http://www.acmesupplyco.com
476,Roslyn,Chavous,"Mcrae, James L",63517 Dupont St,Jackson,Hinds,MS,39211,$29 ,$21 ,601-234-9632,601-973-5754,http://www.mcraejamesl.com
477,Glory,Schieler,Mcgraths Seafood,5 E Truman Rd,Abilene,Taylor,TX,79602,$163 ,$21 ,325-869-2649,325-740-3778,http://www.mcgrathsseafood.com
478,Rasheeda,Sayaphon,"Kummerer, J Michael Esq",251 Park Ave #979,Saratoga,Santa Clara,CA,95070,$125 ,$6 ,408-805-4309,408-997-7490,http://www.kummererjmichaelesq.com
479,Alpha,Palaia,"Stoffer, James M Jr",43496 Commercial Dr #29,Cherry Hill,Camden,NJ,8003,$177 ,$26 ,856-312-2629,856-513-7024,http://www.stofferjamesmjr.com
480,Refugia,Jacobos,North Central Fl Sfty Cncl,2184 Worth St,Hayward,Alameda,CA,94545,$160 ,$21 ,510-974-8671,510-509-3496,http://www.northcentralflsftycncl.com
481,Shawnda,Yori,Fiorucci Foods Usa Inc,50126 N Plankinton Ave,Longwood,Seminole,FL,32750,$220 ,$25 ,407-538-5106,407-564-8113,http://www.fioruccifoodsusainc.com
482,Mona,Delasancha,Sign All,38773 Gravois Ave,Cheyenne,Laramie,WY,82001,$162 ,$25 ,307-403-1488,307-816-7115,http://www.signall.com
483,Gilma,Liukko,Sammys Steak Den,16452 Greenwich St,Garden City,Nassau,NY,11530,$79 ,$8 ,516-393-9967,516-407-9573,http://www.sammyssteakden.com
484,Janey,Gabisi,"Dobscha, Stephen F Esq",40 Cambridge Ave,Madison,Dane,WI,53715,$66 ,$14 ,608-967-7194,608-586-6912,http://www.dobschastephenfesq.com
485,Lili,Paskin,Morgan Custom Homes,20113 4th Ave E,Kearny,Hudson,NJ,7032,$146 ,$28 ,201-431-2989,201-478-8540,http://www.morgancustomhomes.com
486,Loren,Asar,Olsen Payne & Company,6 Ridgewood Center Dr,Old Forge,Lackawanna,PA,18518,$38 ,$19 ,570-648-3035,570-569-2356,http://www.olsenpaynecompany.com
487,Dorothy,Chesterfield,Cowan & Kelly,469 Outwater Ln,San Diego,San Diego,CA,92126,$342 ,$26 ,858-617-7834,858-732-1884,http://www.cowankelly.com
488,Gail,Similton,"Johnson, Wes Esq",62 Monroe St,Thousand Palms,Riverside,CA,92276,$221 ,$14 ,760-616-5388,760-493-9208,http://www.johnsonwesesq.com
489,Catalina,Tillotson,Icn Pharmaceuticals Inc,3338 A Lockport Pl #6,Margate City,Atlantic,NJ,8402,$227 ,$14 ,609-373-3332,609-826-4990,http://www.icnpharmaceuticalsinc.com
490,Lawrence,Lorens,New England Sec Equip Co Inc,9 Hwy,Providence,Providence,RI,2906,$123 ,$10 ,401-465-6432,401-893-1820,http://www.newenglandsecequipcoinc.com
491,Carlee,Boulter,"Tippett, Troy M Ii",8284 Hart St,Abilene,Dickinson,KS,67410,$198 ,$25 ,785-347-1805,785-253-7049,http://www.tippetttroymii.com
492,Thaddeus,Ankeny,Atc Contracting,5 Washington St #1,Roseville,Placer,CA,95678,$242 ,$27 ,916-920-3571,916-459-2433,http://www.atccontracting.com
493,Jovita,Oles,"Pagano, Philip G Esq",8 S Haven St,Daytona Beach,Volusia,FL,32114,$102 ,$27 ,386-248-4118,386-208-6976,http://www.paganophilipgesq.com
494,Alesia,Hixenbaugh,Kwikprint,9 Front St,Washington,District of Columbia,DC,20001,$102 ,$26 ,202-646-7516,202-276-6826,http://www.kwikprint.com
495,Lai,Harabedian,Buergi & Madden Scale,1933 Packer Ave #2,Novato,Marin,CA,94945,$307 ,$16 ,415-423-3294,415-926-6089,http://www.buergimaddenscale.com
496,Brittni,Gillaspie,Inner Label,67 Rv Cent,Boise,Ada,ID,83709,$196 ,$13 ,208-709-1235,208-206-9848,http://www.innerlabel.com
497,Raylene,Kampa,Hermar Inc,2 Sw Nyberg Rd,Elkhart,Elkhart,IN,46514,$259 ,$5 ,574-499-1454,574-330-1884,http://www.hermarinc.com
498,Flo,Bookamer,Simonton Howe & Schneider Pc,89992 E 15th St,Alliance,Box Butte,NE,69301,$133 ,$7 ,308-726-2182,308-250-6987,http://www.simontonhoweschneiderpc.com
499,Jani,Biddy,Warehouse Office & Paper Prod,61556 W 20th Ave,Seattle,King,WA,98104,$63 ,$6 ,206-711-6498,206-395-6284,http://www.warehouseofficepaperprod.com
500,Chauncey,Motley,Affiliated With Travelodge,63 E Aurora Dr,Orlando,Orange,FL,32804,$331 ,$5 ,407-413-4842,407-557-8857,http://www.affiliatedwithtravelodge.com